OrderID,OrderDate,Region,Category,CustomerSegment,Quantity,UnitPrice,Discount,Sales,Profit,ShippingDays,Returned
ORD-100154,2023-01-01,North,Electronics,Consumer,8,131.57,0.05,999.93,348.77,5.0,No
ORD-101570,2023-01-01,South,Furniture,Corporate,2,56.08,0.3,78.51,1.09,3.0,No
ORD-101802,2023-01-01,North,Electronics,Consumer,1,431.2,,409.64,137.1,6.0,No
ORD-100417,2023-01-02,West,Office Supplies,Consumer,6,53.14,0.05,302.9,77.53,,No
ORD-100779,2023-01-02,West,Clothing,Corporate,7,50.9,0.0,356.3,99.07,7.0,No
ORD-101243,2023-01-02,North,Office Supplies,Home Office,8,95.2,0.1,685.44,145.39,4.0,No
ORD-100306,2023-01-02,South,Electronics,Corporate,5,136.97,0.1,616.36,174.04,1.0,No
ORD-101451,2023-01-02,East,Clothing,Consumer,7,56.94,0.0,398.58,118.6,5.0,No
ORD-101274,2023-01-03,North,Electronics,Corporate,8,129.64,0.0,1037.12,339.6,4.0,No
ORD-101157,2023-01-03,North,Electronics,Home Office,4,171.99,0.2,550.37,99.51,3.0,Yes
ORD-100935,2023-01-03,North,Electronics,Corporate,7,80.74,0.2,452.14,93.3,4.0,No
ORD-101089,2023-01-03,East,Electronics,Consumer,7,433.2,0.0,3032.4,1125.54,4.0,No
ORD-101264,2023-01-04,East,Office Supplies,Corporate,4,54.9,0.1,197.64,57.65,2.0,Yes
ORD-102439,2023-01-04,West,Electronics,Consumer,7,75.14,0.0,525.98,178.26,6.0,No
ORD-102734,2023-01-04,South,Electronics,Corporate,3,287.68,0.2,690.43,75.85,3.0,No
ORD-102710,2023-01-05,Central,Office Supplies,Corporate,1,28.86,0.2,23.09,1.69,7.0,Yes
ORD-100978,2023-01-05,East,Office Supplies,Corporate,5,43.35,0.0,216.75,48.92,6.0,No
ORD-101896,2023-01-05,East,Electronics,Corporate,4,84.87,0.0,339.48,103.42,5.0,No
ORD-101467,2023-01-05,North,Office Supplies,Consumer,6,91.89,0.15,468.64,73.8,2.0,No
ORD-101150,2023-01-05,North,Electronics,Corporate,6,290.44,0.1,1568.38,377.38,6.0,No
ORD-102966,2023-01-06,South,Office Supplies,Consumer,7,36.74,0.0,257.18,86.18,3.0,No
ORD-100016,2023-01-06,East,Clothing,Consumer,5,43.31,0.2,173.24,16.35,6.0,No
ORD-101798,2023-01-06,East,Clothing,Consumer,6,53.51,0.0,321.06,106.58,6.0,No
ORD-102781,2023-01-06,North,Clothing,Consumer,4,88.67,0.1,319.21,35.99,6.0,No
ORD-100578,2023-01-07,West,Office Supplies,Home Office,2,25.58,0.0,51.16,17.85,4.0,No
ORD-102824,2023-01-07,Central,Furniture,Home Office,8,258.82,0.1,1863.5,498.72,5.0,Yes
ORD-102706,2023-01-07,Central,Clothing,Consumer,4,46.51,0.0,186.04,55.79,9.0,No
ORD-100847,2023-01-07,West,Office Supplies,Consumer,6,27.34,0.0,164.04,55.05,,No
ORD-102129,2023-01-07,North,Clothing,Consumer,8,114.72,0.05,871.87,240.81,4.0,Yes
ORD-101969,2023-01-07,East,Office Supplies,Consumer,2,37.89,0.1,68.2,18.36,2.0,No
ORD-100561,2023-01-08,North,Office Supplies,Consumer,5,48.76,0.15,207.23,32.74,4.0,No
ORD-102825,2023-01-08,West,Electronics,Home Office,2,183.13,0.0,366.26,117.07,3.0,No
ORD-102804,2023-01-08,North,Office Supplies,Corporate,8,61.49,0.2,393.54,94.86,9.0,Yes
ORD-100323,2023-01-08,East,Clothing,Consumer,2,54.14,0.0,108.28,34.06,4.0,No
ORD-102474,2023-01-08,South,Office Supplies,Consumer,5,29.2,0.15,124.1,30.08,3.0,No
ORD-102432,2023-01-09,East,Office Supplies,Home Office,2,21.96,0.0,43.92,17.24,5.0,No
ORD-101048,2023-01-09,Central,Furniture,Consumer,7,202.18,0.0,1415.26,417.46,7.0,No
ORD-102104,2023-01-09,East,Clothing,Corporate,7,63.28,0.0,442.96,161.45,5.0,Yes
ORD-100005,2023-01-09,Central,Office Supplies,Consumer,1,48.64,0.0,48.64,17.24,8.0,No
ORD-100443,2023-01-09,North,Furniture,Corporate,2,60.27,0.2,96.43,19.31,4.0,No
ORD-101474,2023-01-10,East,Office Supplies,Consumer,5,43.62,0.0,218.1,74.14,6.0,No
ORD-100535,2023-01-10,North,Office Supplies,Consumer,6,80.79,0.15,412.03,60.37,5.0,No
ORD-101581,2023-01-10,South,Office Supplies,Home Office,8,22.81,0.0,182.48,68.98,5.0,No
ORD-100321,2023-01-10,East,Furniture,Consumer,8,450.96,0.0,3607.68,1026.68,2.0,No
ORD-101341,2023-01-10,West,Electronics,Consumer,2,165.1,0.0,330.2,105.39,3.0,No
ORD-101446,2023-01-10,Central,Furniture,Corporate,8,220.13,0.2,1408.83,164.83,5.0,No
ORD-100846,2023-01-11,South,Office Supplies,Consumer,7,22.52,0.1,141.88,33.04,4.0,No
ORD-102852,2023-01-11,West,Electronics,Consumer,5,109.78,0.2,439.12,85.19,5.0,No
ORD-100777,2023-01-11,North,Electronics,Corporate,2,109.12,0.3,152.77,14.07,1.0,No
ORD-102141,2023-01-11,South,Office Supplies,Consumer,1,41.32,0.0,41.32,11.1,5.0,Yes
ORD-101732,2023-01-12,West,Furniture,Consumer,3,298.63,0.05,851.1,263.29,6.0,No
ORD-101956,2023-01-12,East,Clothing,Consumer,3,36.46,0.0,109.38,37.22,5.0,No
ORD-101043,2023-01-12,West,Clothing,Consumer,7,52.35,0.0,366.45,112.85,2.0,No
ORD-101371,2023-01-13,Central,Electronics,Home Office,2,97.02,0.0,194.04,85.58,7.0,No
ORD-102427,2023-01-13,West,Clothing,Consumer,8,139.48,0.05,1060.05,293.74,4.0,No
ORD-101192,2023-01-13,Central,Office Supplies,Corporate,5,19.0,0.1,85.5,16.88,4.0,No
ORD-102053,2023-01-14,West,Electronics,Corporate,2,109.93,0.0,219.86,47.24,3.0,No
ORD-100967,2023-01-14,North,Electronics,Consumer,8,552.32,0.05,4197.63,857.4,2.0,No
ORD-102270,2023-01-14,East,Clothing,Consumer,8,36.8,0.0,294.4,92.88,3.0,No
ORD-101885,2023-01-14,South,Clothing,Consumer,3,19.75,0.1,53.32,11.89,2.0,No
ORD-101468,2023-01-14,West,Clothing,Corporate,1,86.02,0.2,68.82,6.59,4.0,No
ORD-101908,2023-01-14,West,Office Supplies,Consumer,6,45.36,0.0,272.16,61.59,5.0,No
ORD-102547,2023-01-14,North,Office Supplies,Corporate,2,66.71,0.3,93.39,13.84,4.0,No
ORD-100461,2023-01-15,North,Office Supplies,Corporate,4,32.94,0.1,118.58,27.42,6.0,No
ORD-102860,2023-01-16,South,Office Supplies,Consumer,5,18.71,0.15,79.52,9.08,6.0,No
ORD-102521,2023-01-16,East,Electronics,Consumer,4,248.99,0.0,995.96,363.12,7.0,No
ORD-101408,2023-01-16,Central,Clothing,Corporate,7,46.7,0.15,277.86,44.08,3.0,No
ORD-101349,2023-01-16,North,Clothing,Consumer,1,80.15,0.0,80.15,18.26,5.0,No
ORD-101297,2023-01-17,North,Office Supplies,Consumer,2,40.16,0.1,72.29,16.63,4.0,No
ORD-102998,2023-01-17,Central,Clothing,Home Office,1,62.1,0.15,52.78,9.28,3.0,No
ORD-102659,2023-01-17,North,Office Supplies,Consumer,2,32.89,0.1,59.2,13.13,5.0,Yes
ORD-100401,2023-01-17,Central,Clothing,Consumer,2,17.97,0.15,30.55,7.3,7.0,Yes
ORD-101762,2023-01-17,North,Clothing,Consumer,5,81.26,0.2,325.04,54.85,3.0,No
ORD-101841,2023-01-17,East,Furniture,Consumer,4,90.83,0.2,290.66,36.23,5.0,No
ORD-102986,2023-01-18,North,Electronics,Consumer,3,284.16,0.15,724.61,170.16,1.0,Yes
ORD-100569,2023-01-18,East,Furniture,Home Office,4,176.89,0.15,601.43,189.82,8.0,No
ORD-102862,2023-01-18,South,Office Supplies,Home Office,6,26.13,0.0,156.78,53.05,5.0,No
ORD-102192,2023-01-19,West,Electronics,Consumer,5,156.44,0.0,782.2,245.34,7.0,No
ORD-100752,2023-01-19,North,Office Supplies,Corporate,4,41.31,0.1,148.72,30.15,3.0,No
ORD-102778,2023-01-19,North,Office Supplies,Home Office,3,44.95,0.1,121.37,32.02,3.0,No
ORD-102416,2023-01-19,North,Electronics,Home Office,3,96.83,0.0,290.49,115.08,2.0,No
ORD-102991,2023-01-19,West,Office Supplies,Consumer,4,17.39,0.0,69.56,22.11,3.0,No
ORD-102751,2023-01-20,West,Furniture,Consumer,8,467.06,0.05,3549.66,968.9,,Yes
ORD-101736,2023-01-20,Central,Office Supplies,Corporate,7,22.49,0.2,125.94,23.54,5.0,Yes
ORD-102216,2023-01-21,North,Furniture,Home Office,8,204.72,0.0,1637.76,597.35,2.0,No
ORD-102589,2023-01-21,South,Office Supplies,Corporate,2,56.07,0.0,112.14,31.26,,No
ORD-100500,2023-01-21,West,Furniture,Home Office,4,142.53,0.0,570.12,171.82,2.0,Yes
ORD-101322,2023-01-22,North,Office Supplies,Consumer,4,38.89,0.0,155.56,47.25,2.0,No
ORD-100597,2023-01-22,East,Clothing,Consumer,2,44.53,0.1,80.15,19.36,3.0,Yes
ORD-102228,2023-01-22,North,Electronics,Home Office,1,396.09,0.0,396.09,89.35,8.0,No
ORD-101568,2023-01-22,East,Office Supplies,Home Office,3,55.44,0.0,166.32,51.01,5.0,No
ORD-101332,2023-01-22,East,Electronics,Consumer,2,121.6,0.0,243.2,73.87,3.0,No
ORD-100288,2023-01-22,East,Electronics,Consumer,2,144.15,0.1,259.47,32.96,5.0,No
ORD-100705,2023-01-23,East,Electronics,Consumer,1,276.74,0.15,235.23,50.77,4.0,No
ORD-101630,2023-01-23,East,Electronics,Consumer,1,262.45,0.0,262.45,91.17,2.0,No
ORD-102011,2023-01-23,South,Office Supplies,Corporate,4,24.66,0.15,83.84,16.86,3.0,No
ORD-101650,2023-01-23,South,Clothing,Corporate,4,71.99,0.15,244.77,47.67,4.0,No
ORD-101151,2023-01-23,Central,Office Supplies,Corporate,2,20.26,0.2,32.42,4.69,6.0,No
ORD-100903,2023-01-23,East,Office Supplies,Consumer,8,96.38,0.05,732.49,241.24,3.0,No
ORD-101848,2023-01-23,South,Electronics,Consumer,4,252.49,0.0,1009.96,340.01,2.0,No
ORD-102796,2023-01-24,East,Office Supplies,Consumer,7,18.35,0.15,109.18,26.9,2.0,No
ORD-102669,2023-01-25,East,Clothing,Home Office,4,39.78,0.1,143.21,35.23,5.0,Yes
ORD-101133,2023-01-25,West,Office Supplies,Consumer,7,42.19,0.1,265.8,52.3,5.0,No
ORD-100313,2023-01-25,South,Office Supplies,Consumer,5,32.82,0.05,155.89,43.63,3.0,No
ORD-100573,2023-01-25,West,Furniture,Corporate,2,144.89,0.15,246.31,63.51,5.0,Yes
ORD-102372,2023-01-26,South,Electronics,Consumer,4,95.75,,363.85,87.37,7.0,No
ORD-100474,2023-01-26,South,Office Supplies,Consumer,8,78.92,0.2,505.09,46.85,1.0,No
ORD-100159,2023-01-26,West,Furniture,Home Office,1,516.18,0.0,516.18,144.93,1.0,No
ORD-102043,2023-01-26,Central,Furniture,Consumer,4,142.42,0.05,541.2,133.5,8.0,No
ORD-100310,2023-01-26,East,Clothing,Consumer,4,130.42,0.0,521.68,150.64,4.0,No
ORD-102449,2023-01-27,East,Furniture,Corporate,3,278.87,0.0,836.61,308.75,4.0,No
ORD-101355,2023-01-27,North,Office Supplies,Consumer,4,32.54,0.0,130.16,50.46,10.0,No
ORD-100905,2023-01-27,East,Office Supplies,Corporate,2,43.09,0.15,73.25,13.63,8.0,No
ORD-101236,2023-01-27,North,Furniture,Consumer,6,230.83,0.1,1246.48,253.65,2.0,Yes
ORD-100885,2023-01-28,South,Electronics,Home Office,6,116.77,0.1,630.56,166.46,10.0,No
ORD-101768,2023-01-28,North,Electronics,Home Office,7,235.35,0.05,1565.08,517.85,5.0,No
ORD-102546,2023-01-28,Central,Clothing,Corporate,7,29.41,0.3,144.11,4.93,5.0,No
ORD-101316,2023-01-28,East,Clothing,Home Office,8,68.3,0.1,491.76,107.45,8.0,Yes
ORD-101409,2023-01-28,West,Electronics,Consumer,1,105.61,0.2,84.49,8.46,1.0,No
ORD-102813,2023-01-29,North,Office Supplies,Home Office,6,31.58,0.0,189.48,65.14,7.0,No
ORD-102770,2023-01-29,North,Clothing,Consumer,4,134.05,0.05,509.39,130.1,4.0,No
ORD-100530,2023-01-29,West,Electronics,Consumer,2,267.92,0.05,509.05,109.83,5.0,No
ORD-101181,2023-01-29,North,Electronics,Consumer,3,385.54,0.15,983.13,231.95,3.0,No
ORD-100834,2023-01-29,West,Furniture,Consumer,7,215.23,0.05,1431.28,420.1,3.0,No
ORD-102324,2023-01-30,South,Electronics,Home Office,4,108.9,0.0,435.6,161.95,5.0,No
ORD-102250,2023-01-30,East,Office Supplies,Consumer,8,24.06,0.05,182.86,54.17,3.0,No
ORD-100588,2023-01-31,North,Office Supplies,Home Office,2,91.23,0.05,173.34,44.01,1.0,No
ORD-102239,2023-01-31,East,Office Supplies,Consumer,3,66.38,0.1,179.23,47.94,10.0,No
ORD-102149,2023-01-31,North,Electronics,Consumer,1,632.01,0.15,537.21,158.4,2.0,No
ORD-102831,2023-01-31,East,Furniture,Corporate,3,236.33,0.2,567.19,155.01,4.0,No
ORD-101329,2023-01-31,North,Clothing,Consumer,8,87.17,0.05,662.49,193.63,4.0,Yes
ORD-100292,2023-02-01,Central,Office Supplies,Home Office,4,25.0,0.0,100.0,31.45,6.0,No
ORD-100022,2023-02-01,Central,Office Supplies,Consumer,2,33.15,0.0,66.3,19.76,6.0,No
ORD-102045,2023-02-01,North,Clothing,Consumer,7,63.0,0.0,441.0,150.78,4.0,No
ORD-102191,2023-02-01,East,Office Supplies,Home Office,2,34.81,0.1,62.66,17.35,5.0,No
ORD-101197,2023-02-01,East,Clothing,Home Office,8,73.3,0.0,586.4,238.21,3.0,Yes
ORD-102305,2023-02-01,South,Office Supplies,Consumer,2,33.77,0.0,67.54,20.85,3.0,No
ORD-102953,2023-02-01,Central,Electronics,Home Office,3,174.6,0.1,471.42,92.17,4.0,Yes
ORD-101219,2023-02-01,North,Office Supplies,Consumer,8,56.19,0.15,382.09,72.91,3.0,No
ORD-101859,2023-02-01,South,Electronics,Corporate,4,63.0,0.2,201.6,22.03,,No
ORD-102375,2023-02-02,North,Office Supplies,Corporate,1,37.46,0.0,37.46,12.09,6.0,No
ORD-102806,2023-02-02,South,Office Supplies,Consumer,3,18.98,0.15,48.4,6.87,7.0,No
ORD-100444,2023-02-02,South,Clothing,Consumer,8,66.77,0.0,534.16,160.41,5.0,No
ORD-100970,2023-02-02,North,Clothing,Corporate,8,118.61,0.3,664.22,9.63,4.0,No
ORD-102020,2023-02-02,East,Clothing,Consumer,4,71.03,0.0,284.12,79.37,7.0,No
ORD-101743,2023-02-03,Central,Furniture,Home Office,5,43.41,0.0,217.05,65.95,,No
ORD-101821,2023-02-03,East,Electronics,Corporate,1,72.79,0.2,58.23,9.53,3.0,Yes
ORD-101198,2023-02-04,South,Electronics,Corporate,7,235.88,0.1,1486.04,253.85,4.0,No
ORD-101733,2023-02-04,North,Electronics,Consumer,3,118.15,0.1,319.01,88.41,6.0,No
ORD-102202,2023-02-04,Central,Electronics,Consumer,3,62.1,0.05,176.98,39.44,5.0,Yes
ORD-100369,2023-02-04,Central,Furniture,Corporate,8,470.83,0.2,3013.31,318.38,5.0,Yes
ORD-101187,2023-02-05,Central,Electronics,Consumer,2,99.56,0.0,199.12,60.84,4.0,No
ORD-100132,2023-02-05,East,Electronics,Corporate,4,309.04,0.15,1050.74,130.8,5.0,No
ORD-101960,2023-02-05,East,Electronics,Consumer,3,156.95,0.15,400.22,98.64,8.0,No
ORD-102070,2023-02-05,West,Furniture,Consumer,4,265.99,0.0,1063.96,397.84,,No
ORD-100324,2023-02-05,West,Office Supplies,Corporate,6,48.81,0.2,234.29,21.25,5.0,No
ORD-100081,2023-02-05,South,Electronics,Consumer,4,354.07,0.1,1274.65,244.0,4.0,No
ORD-101835,2023-02-06,North,Clothing,Consumer,6,160.29,0.0,961.74,296.48,3.0,No
ORD-101523,2023-02-06,West,Clothing,Consumer,1,101.19,0.0,101.19,21.02,,No
ORD-101756,2023-02-06,North,Furniture,Consumer,4,582.47,0.05,2213.39,643.09,3.0,No
ORD-102959,2023-02-06,Central,Furniture,Corporate,2,88.03,0.15,149.65,26.58,4.0,No
ORD-101454,2023-02-06,South,Office Supplies,Home Office,4,49.14,0.15,167.08,28.92,3.0,Yes
ORD-101388,2023-02-06,Central,Office Supplies,Consumer,5,33.11,0.05,157.27,43.01,7.0,No
ORD-101789,2023-02-07,North,Office Supplies,Consumer,6,43.21,0.05,246.3,65.18,4.0,No
ORD-102874,2023-02-07,North,Electronics,Consumer,4,101.15,0.05,384.37,86.85,8.0,Yes
ORD-102516,2023-02-07,North,Electronics,Home Office,7,173.32,0.05,1152.58,322.05,4.0,No
ORD-102331,2023-02-07,South,Office Supplies,Corporate,1,36.64,0.2,29.31,5.84,1.0,No
ORD-100528,2023-02-07,West,Clothing,Consumer,3,79.16,0.2,189.98,25.31,3.0,No
ORD-101210,2023-02-07,West,Office Supplies,Consumer,4,36.05,0.15,122.57,28.12,3.0,Yes
ORD-101564,2023-02-08,West,Electronics,Consumer,2,121.95,0.0,243.9,72.98,5.0,No
ORD-101131,2023-02-08,East,Office Supplies,Corporate,1,81.48,0.15,69.26,16.85,5.0,No
ORD-100409,2023-02-08,Central,Electronics,Consumer,4,80.46,0.1,289.66,72.03,5.0,No
ORD-101987,2023-02-08,West,Electronics,Home Office,3,82.91,0.0,248.73,85.3,5.0,No
ORD-101075,2023-02-08,South,Furniture,Consumer,3,229.28,0.05,653.45,226.1,8.0,No
ORD-100012,2023-02-09,East,Office Supplies,Consumer,3,34.05,0.1,91.93,19.97,5.0,No
ORD-102683,2023-02-09,East,Office Supplies,Home Office,6,34.37,0.0,206.22,70.04,7.0,No
ORD-102018,2023-02-09,East,Office Supplies,Consumer,8,27.14,0.0,217.12,65.51,4.0,No
ORD-100101,2023-02-09,West,Electronics,Consumer,6,256.76,0.0,1540.56,465.86,3.0,No
ORD-102772,2023-02-10,Central,Electronics,Corporate,1,126.14,0.0,126.14,41.02,6.0,No
ORD-100046,2023-02-10,South,Office Supplies,Consumer,3,32.49,0.15,82.85,18.41,2.0,No
ORD-101725,2023-02-10,North,Furniture,Consumer,6,68.73,0.0,412.38,115.87,4.0,No
ORD-100643,2023-02-10,North,Electronics,Consumer,7,123.97,0.0,867.79,248.62,5.0,No
ORD-100455,2023-02-10,North,Office Supplies,Corporate,2,33.99,0.15,57.78,4.44,4.0,No
ORD-101277,2023-02-10,North,Clothing,Corporate,3,43.2,0.1,116.64,30.01,3.0,No
ORD-102940,2023-02-10,Central,Office Supplies,Consumer,7,22.07,0.0,154.49,43.73,7.0,Yes
ORD-102273,2023-02-10,West,Clothing,Corporate,8,67.04,0.3,375.42,15.41,7.0,No
ORD-102313,2023-02-10,North,Office Supplies,Consumer,5,41.6,0.0,208.0,80.75,5.0,No
ORD-101646,2023-02-10,South,Clothing,Consumer,2,35.28,0.0,70.56,25.1,5.0,Yes
ORD-101905,2023-02-10,East,Office Supplies,Consumer,1,54.69,0.15,46.49,8.56,4.0,No
ORD-100638,2023-02-11,West,Clothing,Corporate,5,32.25,0.1,145.12,44.48,6.0,Yes
ORD-100251,2023-02-11,Central,Office Supplies,Consumer,2,45.86,0.1,82.55,23.0,5.0,No
ORD-100765,2023-02-11,North,Office Supplies,Corporate,6,52.26,0.1,282.2,41.58,8.0,No
ORD-100880,2023-02-12,South,Office Supplies,Consumer,8,19.61,0.0,156.88,46.96,7.0,No
ORD-101660,2023-02-12,North,Office Supplies,Consumer,1,40.99,0.0,40.99,14.15,3.0,No
ORD-101838,2023-02-12,West,Electronics,Corporate,6,89.72,0.0,538.32,188.7,3.0,No
ORD-102410,2023-02-12,West,Electronics,Corporate,5,137.0,0.1,616.5,150.68,2.0,No
ORD-101843,2023-02-12,Central,Furniture,Corporate,4,1712.68,0.1,6165.65,1287.99,6.0,Yes
ORD-100263,2023-02-13,North,Office Supplies,Corporate,6,49.79,0.2,238.99,26.51,1.0,No
ORD-100266,2023-02-13,South,Electronics,Consumer,3,471.94,0.0,1415.82,363.25,4.0,No
ORD-102667,2023-02-13,North,Clothing,Corporate,1,143.54,0.0,143.54,38.55,6.0,Yes
ORD-100248,2023-02-13,South,Clothing,Corporate,3,32.17,0.2,77.21,10.05,2.0,Yes
ORD-102632,2023-02-13,Central,Furniture,Consumer,8,560.06,0.05,4256.46,970.28,6.0,No
ORD-100739,2023-02-13,South,Furniture,Consumer,7,81.55,0.1,513.76,83.31,2.0,No
ORD-102112,2023-02-13,North,Office Supplies,Home Office,7,29.99,0.05,199.43,61.29,5.0,No
ORD-101385,2023-02-13,North,Clothing,Corporate,6,24.72,0.0,148.32,47.62,6.0,No
ORD-101259,2023-02-13,Central,Electronics,Consumer,5,191.69,0.1,862.6,134.62,3.0,No
ORD-102600,2023-02-14,South,Office Supplies,Corporate,8,32.59,0.0,260.72,85.21,5.0,No
ORD-102567,2023-02-14,North,Electronics,Consumer,7,160.42,0.0,1122.94,302.1,5.0,No
ORD-100335,2023-02-14,East,Furniture,Consumer,8,335.6,0.05,2550.56,655.97,4.0,No
ORD-101600,2023-02-14,Central,Office Supplies,Home Office,2,40.31,0.1,72.56,14.97,7.0,No
ORD-101461,2023-02-14,East,Furniture,Corporate,6,196.27,0.0,1177.62,363.71,5.0,No
ORD-101993,2023-02-15,North,Furniture,Home Office,7,90.5,0.05,601.82,188.54,1.0,No
ORD-100943,2023-02-15,South,Office Supplies,Corporate,1,31.32,0.15,26.62,6.76,7.0,No
ORD-101593,2023-02-15,South,Electronics,Corporate,6,449.87,0.15,2294.34,488.41,4.0,No
ORD-102847,2023-02-16,North,Electronics,Corporate,5,77.19,0.1,347.36,84.47,6.0,No
ORD-102563,2023-02-16,East,Electronics,Consumer,6,342.4,0.0,2054.4,616.64,3.0,No
ORD-101220,2023-02-16,North,Electronics,Consumer,8,341.95,0.0,2735.6,892.53,2.0,No
ORD-101573,2023-02-16,West,Furniture,Consumer,1,255.14,0.1,229.63,45.23,2.0,No
ORD-100177,2023-02-16,Central,Furniture,Consumer,8,156.17,0.05,1186.89,344.4,,No
ORD-101525,2023-02-16,North,Office Supplies,Consumer,2,29.49,0.0,58.98,18.05,1.0,No
ORD-101059,2023-02-16,West,Clothing,Consumer,6,57.12,0.05,325.58,88.22,4.0,No
ORD-100631,2023-02-17,West,Clothing,Consumer,2,48.94,0.05,92.99,21.22,4.0,No
ORD-101954,2023-02-17,Central,Electronics,Home Office,6,119.64,0.0,717.84,189.15,5.0,No
ORD-101867,2023-02-18,North,Electronics,Consumer,4,613.34,0.0,2453.36,799.3,6.0,No
ORD-100198,2023-02-19,North,Electronics,Consumer,2,122.76,,245.52,77.88,5.0,No
ORD-100116,2023-02-19,West,Electronics,Consumer,6,299.39,0.0,1796.34,560.9,5.0,No
ORD-100971,2023-02-20,North,Electronics,Consumer,1,38.97,0.0,38.97,12.75,2.0,No
ORD-100089,2023-02-20,East,Clothing,Corporate,3,42.26,0.15,107.76,22.85,3.0,No
ORD-102371,2023-02-20,South,Clothing,Corporate,4,261.38,0.1,940.97,252.29,2.0,No
ORD-100692,2023-02-20,North,Electronics,Home Office,8,207.48,0.05,1576.85,399.13,7.0,No
ORD-102823,2023-02-21,Central,Electronics,Corporate,3,83.96,0.0,251.88,97.56,6.0,No
ORD-102171,2023-02-21,North,Office Supplies,Corporate,4,38.35,0.2,122.72,15.31,1.0,No
ORD-100584,2023-02-21,Central,Clothing,Consumer,7,74.44,0.05,495.03,165.06,8.0,No
ORD-100996,2023-02-21,East,Electronics,Corporate,8,214.83,0.0,1718.64,609.28,2.0,No
ORD-100119,2023-02-22,East,Electronics,Consumer,5,67.43,0.0,337.15,107.57,,No
ORD-100723,2023-02-22,Central,Furniture,Consumer,1,156.42,0.0,156.42,47.49,5.0,No
ORD-100501,2023-02-22,Central,Office Supplies,Consumer,4,30.33,0.0,121.32,30.89,8.0,No
ORD-101598,2023-02-23,West,Furniture,Consumer,5,258.07,0.1,1161.32,172.06,,No
ORD-101983,2023-02-23,North,Electronics,Home Office,5,208.46,0.15,885.96,229.52,3.0,No
ORD-102774,2023-02-23,West,Electronics,Corporate,8,142.78,0.0,1142.24,375.64,3.0,No
ORD-101898,2023-02-23,North,Clothing,Home Office,2,38.7,0.0,77.4,24.01,3.0,No
ORD-102215,2023-02-23,North,Furniture,Consumer,2,152.83,0.1,275.09,49.23,6.0,No
ORD-102255,2023-02-24,East,Clothing,Consumer,1,58.49,0.05,55.57,14.82,6.0,Yes
ORD-100260,2023-02-24,North,Electronics,Home Office,3,104.1,0.1,281.07,66.38,4.0,No
ORD-101358,2023-02-24,West,Office Supplies,Consumer,3,36.14,0.1,97.58,20.72,7.0,No
ORD-101348,2023-02-24,South,Office Supplies,Consumer,7,32.31,0.0,226.17,67.54,3.0,No
ORD-102872,2023-02-24,North,Electronics,Consumer,4,170.95,0.05,649.61,179.15,2.0,No
ORD-100298,2023-02-24,West,Office Supplies,Consumer,4,16.99,0.05,64.56,16.78,5.0,No
ORD-102148,2023-02-24,West,Clothing,Home Office,6,73.66,0.0,441.96,130.13,6.0,No
ORD-100534,2023-02-25,North,Office Supplies,Consumer,6,98.39,0.05,560.82,233.16,5.0,No
ORD-102718,2023-02-25,North,Electronics,Corporate,4,153.08,,520.47,122.97,3.0,No
ORD-101807,2023-02-26,East,Office Supplies,Consumer,1,34.56,0.15,29.38,7.18,4.0,No
ORD-101757,2023-02-26,Central,Clothing,Consumer,7,69.15,0.0,484.05,166.66,3.0,No
ORD-102969,2023-02-26,North,Office Supplies,Corporate,1,64.06,,44.84,3.02,5.0,No
ORD-101707,2023-02-26,South,Furniture,Consumer,8,187.06,0.0,1496.48,467.57,3.0,No
ORD-100772,2023-02-26,East,Office Supplies,Consumer,8,61.11,0.05,464.44,107.03,7.0,No
ORD-101361,2023-02-27,South,Office Supplies,Corporate,2,46.32,0.2,74.11,17.77,7.0,No
ORD-100861,2023-02-27,West,Electronics,Home Office,1,421.03,0.0,421.03,111.2,4.0,No
ORD-101526,2023-02-28,South,Office Supplies,Corporate,8,50.83,0.15,345.64,56.41,5.0,No
ORD-101091,2023-02-28,East,Office Supplies,Corporate,5,40.37,0.2,161.48,13.99,5.0,Yes
ORD-102349,2023-02-28,North,Electronics,Consumer,8,265.85,0.15,1807.78,309.42,2.0,No
ORD-101129,2023-02-28,Central,Clothing,Consumer,6,120.34,0.1,649.84,166.52,8.0,No
ORD-101610,2023-02-28,North,Clothing,Corporate,7,32.29,0.2,180.82,19.31,6.0,No
ORD-101842,2023-03-01,North,Electronics,Consumer,4,186.95,0.0,747.8,296.92,4.0,Yes
ORD-101223,2023-03-01,East,Electronics,Consumer,1,284.75,0.1,256.28,51.44,2.0,No
ORD-102656,2023-03-01,South,Clothing,Consumer,8,75.17,0.0,601.36,226.37,3.0,No
ORD-101163,2023-03-01,North,Furniture,Corporate,1,579.04,0.15,492.18,86.73,2.0,No
ORD-101127,2023-03-01,West,Office Supplies,Consumer,1,37.32,0.1,33.59,7.34,2.0,No
ORD-101350,2023-03-02,West,Electronics,Consumer,6,289.43,0.15,1476.09,208.16,7.0,No
ORD-101099,2023-03-02,North,Clothing,Consumer,6,48.68,0.05,277.48,80.6,6.0,No
ORD-100603,2023-03-03,West,Electronics,Consumer,2,292.75,0.0,585.5,175.35,4.0,No
ORD-100183,2023-03-03,South,Electronics,Corporate,2,83.3,0.1,149.94,39.75,3.0,No
ORD-100876,2023-03-03,South,Electronics,Consumer,2,103.45,0.0,206.9,72.97,8.0,No
ORD-100439,2023-03-03,East,Office Supplies,Corporate,6,31.06,0.2,149.09,31.31,3.0,No
ORD-100484,2023-03-03,North,Office Supplies,Home Office,1,36.38,0.0,36.38,10.85,4.0,No
ORD-102164,2023-03-03,Central,Office Supplies,Consumer,2,21.67,0.0,43.34,14.5,8.0,No
ORD-100596,2023-03-03,West,Clothing,Consumer,5,65.72,0.0,328.6,123.82,1.0,No
ORD-101200,2023-03-03,East,Electronics,Consumer,5,238.77,0.05,1134.16,320.83,,No
ORD-100944,2023-03-03,East,Electronics,Consumer,5,175.6,0.0,878.0,278.65,7.0,No
ORD-100811,2023-03-04,North,Electronics,Consumer,6,304.83,0.15,1554.63,223.83,6.0,No
ORD-101251,2023-03-04,North,Electronics,Consumer,6,495.36,0.0,2972.16,899.37,7.0,No
ORD-100082,2023-03-04,West,Office Supplies,Corporate,6,15.86,0.1,85.64,15.31,3.0,No
ORD-102346,2023-03-04,Central,Office Supplies,Corporate,6,16.13,0.1,87.1,20.76,12.0,No
ORD-101019,2023-03-05,East,Office Supplies,Corporate,2,19.03,0.3,26.64,1.55,3.0,No
ORD-101430,2023-03-05,Central,Furniture,Home Office,4,764.37,0.1,2751.73,443.0,6.0,No
ORD-102085,2023-03-05,South,Furniture,Corporate,1,164.21,0.1,147.79,40.01,4.0,No
ORD-102078,2023-03-05,South,Furniture,Home Office,7,337.25,0.0,2360.75,877.54,4.0,No
ORD-102730,2023-03-06,North,Electronics,Consumer,6,211.23,0.15,1077.27,211.67,8.0,Yes
ORD-100567,2023-03-06,North,Office Supplies,Consumer,2,25.08,0.05,47.65,8.52,4.0,No
ORD-101819,2023-03-06,East,Office Supplies,Consumer,2,35.17,0.0,70.34,18.65,5.0,No
ORD-101156,2023-03-06,North,Clothing,Home Office,8,24.37,0.2,155.97,31.16,4.0,No
ORD-101046,2023-03-06,North,Electronics,Consumer,7,148.39,0.0,1038.73,264.9,5.0,No
ORD-100032,2023-03-06,South,Electronics,Consumer,6,136.01,0.0,816.06,304.09,5.0,No
ORD-100682,2023-03-06,North,Furniture,Corporate,6,318.69,0.0,1912.14,580.58,7.0,No
ORD-102720,2023-03-08,East,Office Supplies,Corporate,7,41.57,0.1,261.89,65.16,3.0,No
ORD-101820,2023-03-08,Central,Office Supplies,Corporate,1,25.31,0.1,22.78,3.37,3.0,No
ORD-100206,2023-03-09,North,Electronics,Consumer,2,86.1,0.05,163.59,52.62,5.0,No
ORD-102406,2023-03-09,East,Furniture,Consumer,2,243.57,0.15,414.07,129.19,1.0,No
ORD-100328,2023-03-09,East,Office Supplies,Consumer,7,35.73,0.05,237.6,87.32,5.0,No
ORD-102089,2023-03-09,East,Furniture,Consumer,7,110.54,0.05,735.09,188.71,2.0,No
ORD-100995,2023-03-10,South,Electronics,Home Office,8,173.03,0.0,1384.24,385.45,4.0,No
ORD-101642,2023-03-10,East,Office Supplies,Consumer,2,55.28,0.0,110.56,29.16,5.0,No
ORD-102532,2023-03-12,West,Office Supplies,Consumer,8,36.64,0.05,278.46,58.45,2.0,No
ORD-102782,2023-03-12,East,Office Supplies,Home Office,4,24.76,0.0,99.04,39.98,3.0,No
ORD-101932,2023-03-12,West,Office Supplies,Consumer,7,39.68,0.0,277.76,98.71,3.0,No
ORD-101647,2023-03-12,West,Electronics,Consumer,5,122.06,0.0,610.3,123.76,4.0,No
ORD-101459,2023-03-12,South,Clothing,Corporate,8,73.88,0.2,472.83,83.97,5.0,No
ORD-102336,2023-03-12,Central,Office Supplies,Home Office,4,19.94,0.0,79.76,29.43,7.0,No
ORD-102039,2023-03-12,West,Office Supplies,Home Office,3,26.56,0.05,75.7,20.92,2.0,No
ORD-102760,2023-03-13,East,Electronics,Corporate,5,421.57,,1791.67,371.7,2.0,No
ORD-102391,2023-03-13,West,Furniture,Consumer,6,125.09,0.1,675.49,123.44,1.0,No
ORD-102697,2023-03-13,North,Clothing,Consumer,5,84.08,0.05,399.38,60.99,3.0,No
ORD-101291,2023-03-13,East,Electronics,Consumer,5,167.52,0.0,837.6,337.56,6.0,No
ORD-102689,2023-03-14,East,Clothing,Home Office,3,251.23,,716.01,256.43,5.0,No
ORD-102951,2023-03-14,West,Office Supplies,Consumer,8,46.13,0.0,369.04,121.06,6.0,No
ORD-102814,2023-03-14,North,Office Supplies,Home Office,5,32.22,0.15,136.94,22.6,,No
ORD-102715,2023-03-14,North,Electronics,Consumer,2,207.92,0.1,374.26,95.06,1.0,No
ORD-101809,2023-03-15,North,Office Supplies,Consumer,1,52.54,0.0,52.54,20.68,2.0,No
ORD-102527,2023-03-16,Central,Electronics,Corporate,4,60.79,0.1,218.84,55.03,6.0,No
ORD-102392,2023-03-16,South,Clothing,Consumer,7,62.27,0.0,435.89,136.4,5.0,No
ORD-101524,2023-03-16,West,Office Supplies,Consumer,3,22.48,0.0,67.44,21.78,4.0,No
ORD-101207,2023-03-16,East,Electronics,Consumer,3,198.07,0.0,594.21,257.43,4.0,No
ORD-102553,2023-03-16,Central,Electronics,Corporate,7,152.13,0.15,905.17,155.31,4.0,No
ORD-100937,2023-03-16,North,Office Supplies,Corporate,6,67.56,0.15,344.56,51.86,3.0,No
ORD-101521,2023-03-16,East,Furniture,Consumer,5,159.43,0.0,797.15,285.59,5.0,No
ORD-102685,2023-03-17,West,Electronics,Consumer,3,151.66,0.0,454.98,143.48,5.0,No
ORD-100568,2023-03-17,South,Clothing,Corporate,6,64.08,0.2,307.58,50.05,3.0,Yes
ORD-100063,2023-03-17,West,Clothing,Consumer,4,44.29,0.05,168.3,48.7,7.0,No
ORD-101692,2023-03-18,North,Office Supplies,Consumer,5,39.4,0.05,187.15,42.52,3.0,No
ORD-100936,2023-03-18,Central,Furniture,Home Office,3,171.84,0.0,515.52,133.21,7.0,No
ORD-100318,2023-03-18,South,Electronics,Consumer,2,174.42,0.1,313.96,82.85,4.0,Yes
ORD-100204,2023-03-19,North,Clothing,Consumer,3,71.06,0.15,181.2,42.9,2.0,No
ORD-102557,2023-03-19,South,Furniture,Corporate,6,166.23,0.1,897.64,198.97,4.0,No
ORD-100258,2023-03-19,North,Office Supplies,Consumer,5,48.84,0.05,231.99,73.33,5.0,No
ORD-102663,2023-03-19,North,Electronics,Home Office,3,122.71,0.2,294.5,44.34,,No
ORD-102692,2023-03-20,Central,Office Supplies,Consumer,8,32.47,0.0,259.76,52.63,6.0,No
ORD-102884,2023-03-20,East,Office Supplies,Consumer,3,34.8,0.15,88.74,9.41,4.0,No
ORD-100859,2023-03-20,East,Electronics,Consumer,6,255.41,0.0,1532.46,657.77,6.0,No
ORD-100985,2023-03-21,Central,Electronics,Corporate,8,164.49,0.0,1315.92,421.57,,No
ORD-100114,2023-03-21,North,Office Supplies,Consumer,7,79.11,0.1,498.39,118.45,5.0,No
ORD-102958,2023-03-21,North,Office Supplies,Consumer,8,44.61,0.1,321.19,71.02,5.0,No
ORD-101851,2023-03-21,Central,Office Supplies,Home Office,8,46.24,0.1,332.93,114.63,7.0,No
ORD-100006,2023-03-21,West,Office Supplies,Corporate,1,54.55,0.3,38.18,2.54,3.0,No
ORD-100172,2023-03-22,North,Office Supplies,Consumer,1,39.95,0.05,37.95,11.76,5.0,No
ORD-101429,2023-03-22,East,Electronics,Home Office,3,206.55,0.0,619.65,229.47,6.0,No
ORD-101751,2023-03-22,North,Office Supplies,Consumer,3,24.6,0.1,66.42,14.86,,No
ORD-100025,2023-03-22,North,Electronics,Home Office,6,165.92,0.0,995.52,380.83,1.0,No
ORD-102494,2023-03-22,Central,Clothing,Corporate,4,43.98,0.3,123.14,14.05,5.0,No
ORD-102889,2023-03-22,North,Electronics,Consumer,7,355.53,0.0,2488.71,757.56,1.0,No
ORD-100832,2023-03-24,South,Furniture,Consumer,6,219.41,0.0,1316.46,509.97,7.0,No
ORD-100391,2023-03-24,North,Office Supplies,Corporate,5,34.45,0.2,137.8,12.01,4.0,No
ORD-101142,2023-03-24,West,Electronics,Corporate,5,149.74,0.0,748.7,277.46,5.0,No
ORD-100259,2023-03-24,East,Electronics,Consumer,7,126.14,0.0,882.98,343.91,7.0,No
ORD-102008,2023-03-25,North,Office Supplies,Home Office,6,27.31,0.0,163.86,56.09,5.0,No
ORD-102431,2023-03-25,West,Furniture,Consumer,8,542.83,0.15,3691.24,598.05,7.0,No
ORD-100593,2023-03-25,East,Electronics,Corporate,2,200.64,0.0,401.28,151.35,,No
ORD-102505,2023-03-25,North,Furniture,Consumer,8,331.64,0.05,2520.46,832.83,2.0,No
ORD-100681,2023-03-25,North,Electronics,Home Office,7,119.99,0.2,671.94,115.41,3.0,No
ORD-100869,2023-03-25,North,Office Supplies,Corporate,1,67.81,0.1,61.03,10.43,5.0,Yes
ORD-102137,2023-03-25,West,Electronics,Consumer,7,137.7,0.15,819.31,148.03,5.0,No
ORD-100028,2023-03-26,North,Office Supplies,Home Office,2,38.55,0.1,69.39,4.59,2.0,No
ORD-102977,2023-03-26,West,Furniture,Home Office,6,358.89,0.05,2045.67,455.2,5.0,No
ORD-100464,2023-03-27,East,Office Supplies,Corporate,5,25.38,0.15,107.86,29.99,5.0,No
ORD-101480,2023-03-27,South,Office Supplies,Consumer,1,25.24,0.0,25.24,7.67,4.0,No
ORD-101124,2023-03-28,South,Clothing,Consumer,7,65.56,0.15,390.08,42.69,3.0,No
ORD-100998,2023-03-28,Central,Furniture,Home Office,1,387.43,0.1,348.69,72.0,4.0,No
ORD-102584,2023-03-28,North,Office Supplies,Home Office,4,35.76,0.15,121.58,25.36,5.0,No
ORD-101359,2023-03-28,North,Office Supplies,Corporate,8,49.45,0.1,356.04,94.83,6.0,No
ORD-102320,2023-03-28,North,Electronics,Consumer,6,344.66,0.05,1964.56,392.86,,No
ORD-102624,2023-03-28,East,Electronics,Consumer,6,100.69,0.05,573.93,161.72,1.0,No
ORD-100810,2023-03-28,North,Office Supplies,Consumer,4,40.61,0.05,154.32,57.02,6.0,Yes
ORD-102866,2023-03-28,South,Clothing,Consumer,1,53.94,0.05,51.24,10.43,2.0,No
ORD-100483,2023-03-28,South,Office Supplies,Corporate,2,36.62,0.1,65.92,15.62,3.0,No
ORD-100591,2023-03-29,East,Furniture,Corporate,8,367.73,0.2,2353.47,464.33,6.0,No
ORD-100793,2023-03-29,North,Electronics,Corporate,1,92.84,0.1,83.56,25.4,5.0,No
ORD-100565,2023-03-29,West,Clothing,Corporate,5,46.3,0.15,196.78,33.43,6.0,Yes
ORD-100283,2023-03-29,North,Electronics,Consumer,6,380.45,0.1,2054.43,476.02,2.0,No
ORD-100881,2023-03-29,East,Clothing,Corporate,2,26.93,0.0,53.86,16.33,6.0,No
ORD-101545,2023-03-29,South,Electronics,Consumer,2,115.58,0.0,231.16,68.71,3.0,No
ORD-100600,2023-03-29,East,Furniture,Consumer,7,203.09,0.1,1279.47,342.99,2.0,No
ORD-100851,2023-03-30,North,Electronics,Consumer,4,174.22,0.0,696.88,241.58,4.0,Yes
ORD-101117,2023-03-30,West,Clothing,Corporate,6,106.71,0.2,512.21,71.27,5.0,No
ORD-100235,2023-03-30,West,Electronics,Consumer,2,95.86,0.05,182.13,76.85,,No
ORD-100529,2023-03-30,South,Office Supplies,Consumer,4,11.81,0.0,47.24,11.42,1.0,Yes
ORD-102890,2023-03-30,North,Clothing,Corporate,3,78.51,0.2,188.42,36.44,,No
ORD-102450,2023-03-30,East,Electronics,Home Office,7,160.24,0.05,1065.6,309.39,4.0,No
ORD-100190,2023-03-30,Central,Electronics,Home Office,1,185.58,0.1,167.02,19.93,2.0,No
ORD-101078,2023-03-30,East,Electronics,Consumer,5,236.94,0.1,1066.23,247.0,3.0,No
ORD-102907,2023-03-30,North,Office Supplies,Corporate,3,41.24,0.2,98.98,15.33,9.0,No
ORD-101177,2023-03-31,South,Clothing,Home Office,2,46.45,0.05,88.26,25.89,7.0,No
ORD-101013,2023-04-01,Central,Electronics,Corporate,8,51.25,0.2,328.0,48.0,10.0,Yes
ORD-101161,2023-04-01,East,Furniture,Consumer,7,522.97,0.1,3294.71,849.56,1.0,No
ORD-101324,2023-04-02,South,Electronics,Corporate,6,98.17,0.2,471.22,48.94,3.0,No
ORD-101024,2023-04-02,East,Office Supplies,Consumer,3,45.98,0.0,137.94,44.28,,Yes
ORD-102522,2023-04-02,South,Furniture,Home Office,4,135.54,0.1,487.94,147.53,1.0,No
ORD-101275,2023-04-02,South,Electronics,Corporate,3,231.39,0.1,624.75,160.43,4.0,No
ORD-101119,2023-04-03,Central,Office Supplies,Corporate,3,25.39,0.3,53.32,0.77,5.0,Yes
ORD-101081,2023-04-03,Central,Electronics,Home Office,2,163.53,0.0,327.06,107.27,5.0,No
ORD-102304,2023-04-03,South,Electronics,Corporate,2,117.74,0.15,200.16,42.58,1.0,No
ORD-101315,2023-04-03,West,Office Supplies,Consumer,4,15.68,0.1,56.45,14.59,3.0,No
ORD-102026,2023-04-03,West,Furniture,Consumer,1,121.47,0.0,121.47,34.89,6.0,Yes
ORD-102242,2023-04-04,South,Furniture,Home Office,6,365.16,0.0,2190.96,445.72,2.0,No
ORD-101817,2023-04-04,East,Office Supplies,Corporate,7,64.3,0.15,382.58,44.79,1.0,Yes
ORD-100746,2023-04-04,South,Electronics,Corporate,1,148.52,0.2,118.82,17.77,1.0,No
ORD-101125,2023-04-04,East,Electronics,Home Office,4,110.44,0.0,441.76,122.52,,Yes
ORD-100897,2023-04-04,North,Furniture,Consumer,2,67.73,0.1,121.91,35.81,4.0,No
ORD-100731,2023-04-05,North,Clothing,Corporate,1,58.85,0.15,50.02,8.99,4.0,No
ORD-101596,2023-04-06,North,Furniture,Consumer,4,89.83,0.1,323.39,57.95,7.0,No
ORD-100143,2023-04-06,East,Electronics,Corporate,7,157.74,0.15,938.55,203.0,3.0,No
ORD-101209,2023-04-06,South,Electronics,Corporate,2,143.24,0.15,243.51,29.77,3.0,No
ORD-100623,2023-04-07,East,Clothing,Consumer,7,29.49,0.0,206.43,84.38,5.0,No
ORD-102587,2023-04-07,North,Furniture,Consumer,4,537.24,0.0,2148.96,628.46,5.0,Yes
ORD-101233,2023-04-07,West,Office Supplies,Consumer,3,27.01,0.0,81.03,31.41,2.0,No
ORD-100250,2023-04-07,East,Clothing,Home Office,5,83.42,0.2,333.68,75.81,2.0,No
ORD-102787,2023-04-07,East,Clothing,Corporate,6,51.3,0.15,261.63,46.66,5.0,Yes
ORD-102310,2023-04-07,Central,Furniture,Home Office,8,364.22,0.05,2768.07,796.74,9.0,No
ORD-101180,2023-04-08,West,Office Supplies,Consumer,5,55.61,0.0,278.05,74.72,4.0,No
ORD-100322,2023-04-08,South,Office Supplies,Home Office,5,37.28,0.0,186.4,70.54,7.0,Yes
ORD-100787,2023-04-08,South,Electronics,Corporate,7,369.78,0.0,2588.46,738.0,4.0,No
ORD-100423,2023-04-08,North,Furniture,Corporate,8,656.93,0.1,4729.9,1018.18,1.0,No
ORD-102473,2023-04-08,East,Electronics,Consumer,2,357.26,0.0,714.52,204.01,4.0,No
ORD-100364,2023-04-09,East,Furniture,Home Office,8,350.38,0.05,2662.89,843.73,4.0,No
ORD-101929,2023-04-09,South,Furniture,Corporate,6,274.23,0.15,1398.57,195.42,2.0,No
ORD-100358,2023-04-09,East,Office Supplies,Consumer,5,37.96,0.0,189.8,51.64,7.0,No
ORD-100786,2023-04-10,West,Clothing,Consumer,6,79.41,0.05,452.64,159.29,8.0,Yes
ORD-102937,2023-04-10,North,Furniture,Consumer,8,265.85,0.0,2126.8,888.04,8.0,No
ORD-101698,2023-04-10,Central,Office Supplies,Consumer,8,48.72,0.1,350.78,67.56,4.0,Yes
ORD-101534,2023-04-11,North,Office Supplies,Consumer,6,63.72,0.05,363.2,110.43,1.0,No
ORD-101217,2023-04-11,East,Electronics,Corporate,5,79.44,0.15,337.62,53.14,5.0,No
ORD-101294,2023-04-11,South,Clothing,Corporate,3,39.81,0.0,119.43,30.56,4.0,No
ORD-101988,2023-04-12,Central,Clothing,Corporate,1,61.42,0.3,42.99,1.94,6.0,Yes
ORD-100000,2023-04-12,West,Clothing,Consumer,6,26.32,0.1,142.13,29.8,4.0,Yes
ORD-101686,2023-04-12,East,Furniture,Consumer,6,99.82,0.05,568.97,144.82,4.0,No
ORD-102205,2023-04-13,East,Electronics,Consumer,4,252.63,0.0,1010.52,311.88,5.0,Yes
ORD-102365,2023-04-13,West,Clothing,Home Office,2,61.51,0.0,123.02,43.53,5.0,No
ORD-100232,2023-04-13,Central,Office Supplies,Corporate,4,65.68,0.15,223.31,70.05,7.0,No
ORD-101044,2023-04-13,North,Office Supplies,Home Office,7,34.77,0.1,219.05,46.1,2.0,No
ORD-102342,2023-04-13,West,Clothing,Corporate,8,46.74,0.15,317.83,109.01,3.0,No
ORD-102719,2023-04-14,East,Electronics,Consumer,8,282.23,0.0,2257.84,618.86,7.0,No
ORD-102617,2023-04-14,Central,Clothing,Corporate,7,28.23,0.3,138.33,10.97,8.0,No
ORD-100849,2023-04-14,Central,Furniture,Home Office,8,277.93,,2112.27,548.1,5.0,No
ORD-102997,2023-04-14,North,Clothing,Consumer,7,147.11,,823.82,175.87,3.0,No
ORD-102820,2023-04-14,South,Office Supplies,Consumer,5,18.36,0.0,91.8,29.25,4.0,No
ORD-101238,2023-04-15,North,Office Supplies,Consumer,2,31.04,0.1,55.87,13.4,2.0,No
ORD-100080,2023-04-15,West,Electronics,Consumer,2,382.84,0.1,689.11,163.93,4.0,No
ORD-100764,2023-04-15,Central,Electronics,Consumer,4,114.57,0.1,412.45,138.16,4.0,No
ORD-101092,2023-04-16,South,Clothing,Home Office,7,38.37,0.1,241.73,55.62,4.0,No
ORD-101080,2023-04-16,North,Furniture,Corporate,8,163.16,0.0,1305.28,394.8,4.0,No
ORD-100128,2023-04-16,North,Office Supplies,Corporate,2,37.89,0.0,75.78,24.49,5.0,No
ORD-101927,2023-04-17,West,Office Supplies,Consumer,1,40.36,0.15,34.31,6.17,4.0,No
ORD-101540,2023-04-17,West,Electronics,Home Office,1,272.94,0.15,232.0,46.7,3.0,No
ORD-102727,2023-04-18,North,Furniture,Consumer,7,423.81,0.0,2966.67,1172.95,7.0,Yes
ORD-101606,2023-04-18,Central,Clothing,Corporate,4,60.4,0.0,241.6,53.19,7.0,No
ORD-100309,2023-04-18,North,Electronics,Corporate,2,206.92,0.15,351.76,76.08,2.0,No
ORD-101433,2023-04-19,North,Furniture,Consumer,7,273.32,0.15,1626.25,237.91,6.0,No
ORD-101015,2023-04-19,North,Office Supplies,Home Office,3,22.95,0.15,58.52,14.4,6.0,Yes
ORD-100774,2023-04-20,North,Office Supplies,Consumer,3,25.0,0.0,75.0,29.01,2.0,No
ORD-101506,2023-04-20,West,Furniture,Home Office,5,176.1,0.05,836.47,168.98,1.0,No
ORD-100415,2023-04-20,North,Electronics,Consumer,5,181.48,0.0,907.4,331.91,6.0,No
ORD-102390,2023-04-20,East,Office Supplies,Corporate,7,32.38,0.15,192.66,30.73,2.0,No
ORD-100993,2023-04-21,North,Furniture,Consumer,3,179.74,0.05,512.26,113.94,5.0,No
ORD-101021,2023-04-21,West,Electronics,Home Office,2,75.67,0.0,151.34,35.49,4.0,No
ORD-100220,2023-04-21,South,Electronics,Consumer,1,372.52,0.05,353.89,122.6,4.0,No
ORD-101850,2023-04-21,North,Electronics,Corporate,7,243.47,0.1,1533.86,306.74,2.0,No
ORD-102982,2023-04-22,North,Clothing,Corporate,3,52.15,,109.51,11.8,5.0,No
ORD-101785,2023-04-22,West,Clothing,Home Office,7,45.88,0.0,321.16,102.74,2.0,No
ORD-100222,2023-04-22,West,Office Supplies,Corporate,6,28.97,0.15,147.75,20.56,4.0,No
ORD-100380,2023-04-22,East,Furniture,Corporate,5,120.16,0.2,480.64,87.46,2.0,No
ORD-102189,2023-04-22,Central,Office Supplies,Corporate,6,28.31,0.1,152.87,34.43,5.0,No
ORD-100788,2023-04-23,West,Furniture,Corporate,5,178.07,0.15,756.8,161.54,6.0,No
ORD-102771,2023-04-23,West,Clothing,Home Office,2,88.24,0.0,176.48,57.44,5.0,No
ORD-100540,2023-04-23,Central,Clothing,Home Office,7,36.47,0.1,229.76,66.29,9.0,Yes
ORD-102028,2023-04-23,East,Office Supplies,Home Office,2,56.09,0.0,112.18,44.34,2.0,No
ORD-101098,2023-04-23,Central,Office Supplies,Consumer,5,18.43,0.1,82.94,24.71,7.0,No
ORD-101748,2023-04-23,East,Clothing,Consumer,5,51.5,0.0,257.5,77.28,2.0,No
ORD-101654,2023-04-24,Central,Furniture,Consumer,2,110.33,0.1,198.59,42.87,,No
ORD-102383,2023-04-24,North,Electronics,Consumer,2,333.54,0.1,600.37,130.48,4.0,No
ORD-102459,2023-04-25,East,Electronics,Corporate,6,121.17,0.3,508.91,9.21,6.0,Yes
ORD-102077,2023-04-25,North,Electronics,Consumer,2,43.63,0.0,87.26,17.07,3.0,Yes
ORD-100074,2023-04-26,North,Clothing,Corporate,3,197.07,0.2,472.97,58.52,4.0,No
ORD-101120,2023-04-26,West,Clothing,Consumer,6,47.45,0.0,284.7,94.11,5.0,No
ORD-102728,2023-04-26,South,Clothing,Consumer,2,65.07,0.15,110.62,27.66,3.0,No
ORD-100348,2023-04-27,East,Office Supplies,Consumer,3,24.54,0.0,73.62,18.53,,No
ORD-102593,2023-04-27,North,Electronics,Consumer,3,272.08,0.1,734.62,167.9,8.0,No
ORD-100014,2023-04-27,East,Electronics,Consumer,2,352.51,0.0,705.02,172.05,5.0,No
ORD-102294,2023-04-28,South,Office Supplies,Corporate,3,34.45,0.0,103.35,32.53,3.0,No
ORD-102456,2023-04-29,East,Electronics,Home Office,4,275.14,0.0,1100.56,312.36,6.0,No
ORD-100077,2023-04-29,West,Office Supplies,Consumer,1,48.04,0.1,43.24,10.9,4.0,No
ORD-101651,2023-04-29,South,Clothing,Consumer,3,124.48,0.0,373.44,151.02,4.0,No
ORD-100422,2023-04-30,North,Office Supplies,Corporate,6,58.34,0.1,315.04,45.27,7.0,No
ORD-100794,2023-05-01,North,Office Supplies,Corporate,3,51.93,0.2,124.63,24.87,7.0,No
ORD-102490,2023-05-01,Central,Furniture,Consumer,7,160.52,0.1,1011.28,284.7,7.0,No
ORD-101563,2023-05-02,Central,Clothing,Consumer,2,36.71,0.2,58.74,8.65,5.0,No
ORD-100062,2023-05-02,East,Electronics,Consumer,8,98.25,0.0,786.0,226.18,7.0,No
ORD-102674,2023-05-02,East,Office Supplies,Consumer,4,18.01,0.0,72.04,20.87,1.0,No
ORD-102405,2023-05-02,North,Office Supplies,Home Office,2,33.0,0.0,66.0,22.64,3.0,No
ORD-102421,2023-05-02,North,Office Supplies,Home Office,1,53.29,0.05,50.63,11.32,5.0,No
ORD-100607,2023-05-02,North,Electronics,Consumer,2,125.11,0.15,212.69,38.97,,No
ORD-102087,2023-05-03,South,Furniture,Consumer,1,638.77,0.0,638.77,161.57,4.0,No
ORD-101490,2023-05-03,North,Office Supplies,Home Office,8,36.02,0.0,288.16,75.21,,No
ORD-101780,2023-05-04,North,Furniture,Corporate,8,593.48,0.15,4035.66,881.57,3.0,No
ORD-100666,2023-05-04,West,Electronics,Corporate,6,136.96,0.15,698.5,182.25,4.0,Yes
ORD-100053,2023-05-05,West,Office Supplies,Consumer,1,46.31,0.0,46.31,14.9,4.0,No
ORD-102581,2023-05-05,West,Furniture,Consumer,1,119.81,0.0,119.81,34.67,2.0,No
ORD-101612,2023-05-06,West,Office Supplies,Corporate,2,30.16,0.15,51.27,9.03,4.0,No
ORD-100178,2023-05-06,Central,Electronics,Consumer,1,175.48,0.05,166.71,40.58,4.0,No
ORD-100981,2023-05-06,West,Furniture,Home Office,3,527.28,0.0,1581.84,553.06,2.0,No
ORD-100618,2023-05-06,North,Furniture,Consumer,1,819.7,0.0,819.7,314.56,4.0,No
ORD-102905,2023-05-06,East,Clothing,Consumer,2,42.29,0.1,76.12,16.71,1.0,No
ORD-101166,2023-05-07,West,Electronics,Corporate,1,245.22,0.15,208.44,62.75,5.0,No
ORD-102768,2023-05-07,West,Furniture,Corporate,7,233.39,0.0,1633.73,609.75,2.0,No
ORD-100226,2023-05-08,North,Office Supplies,Consumer,5,35.13,0.05,166.87,54.8,6.0,Yes
ORD-101069,2023-05-08,South,Electronics,Corporate,7,178.22,0.15,1060.41,233.08,2.0,No
ORD-102496,2023-05-08,East,Clothing,Consumer,5,105.18,0.1,473.31,124.36,7.0,No
ORD-100710,2023-05-09,Central,Clothing,Consumer,8,17.48,0.15,118.86,22.69,3.0,No
ORD-100770,2023-05-09,North,Clothing,Consumer,2,75.3,0.0,150.6,40.6,2.0,Yes
ORD-102917,2023-05-09,West,Office Supplies,Consumer,5,25.78,0.0,128.9,40.94,3.0,No
ORD-102863,2023-05-09,North,Office Supplies,Corporate,5,32.14,0.0,160.7,58.71,9.0,No
ORD-100438,2023-05-09,West,Electronics,Home Office,3,91.8,0.0,275.4,95.27,4.0,No
ORD-102819,2023-05-10,Central,Furniture,Home Office,3,304.96,0.0,914.88,222.76,5.0,No
ORD-102016,2023-05-10,South,Office Supplies,Corporate,8,27.77,0.1,199.94,30.7,7.0,No
ORD-102635,2023-05-10,South,Office Supplies,Consumer,4,37.44,0.0,149.76,36.47,3.0,No
ORD-100300,2023-05-11,West,Clothing,Consumer,3,31.5,0.1,85.05,19.59,3.0,No
ORD-102234,2023-05-11,West,Office Supplies,Home Office,5,47.33,0.05,224.82,74.95,5.0,No
ORD-101485,2023-05-11,North,Furniture,Corporate,3,740.16,0.2,1776.38,275.0,3.0,No
ORD-101094,2023-05-11,East,Electronics,Corporate,4,245.2,0.15,833.68,154.34,2.0,No
ORD-100384,2023-05-11,South,Electronics,Consumer,4,579.35,0.0,2317.4,979.67,5.0,No
ORD-102757,2023-05-12,West,Office Supplies,Consumer,1,45.1,0.0,45.1,14.23,4.0,No
ORD-102399,2023-05-12,East,Electronics,Corporate,3,239.65,0.1,647.06,241.87,3.0,No
ORD-100186,2023-05-12,South,Office Supplies,Corporate,2,31.54,0.1,56.77,16.47,5.0,Yes
ORD-101674,2023-05-12,West,Office Supplies,Consumer,3,95.19,0.1,257.01,60.78,2.0,No
ORD-100459,2023-05-12,East,Office Supplies,Corporate,2,133.96,0.1,241.13,53.87,6.0,No
ORD-101229,2023-05-12,North,Electronics,Home Office,4,190.49,0.05,723.86,229.94,7.0,No
ORD-101345,2023-05-12,East,Clothing,Corporate,5,78.37,0.2,313.48,39.79,1.0,Yes
ORD-102046,2023-05-13,East,Electronics,Corporate,5,142.93,0.1,643.19,164.62,4.0,No
ORD-100660,2023-05-13,South,Electronics,Consumer,1,204.03,0.15,173.43,25.96,6.0,No
ORD-102198,2023-05-13,North,Office Supplies,Consumer,7,46.22,0.15,275.01,45.75,2.0,No
ORD-102231,2023-05-14,East,Clothing,Consumer,2,63.84,0.0,127.68,34.31,6.0,No
ORD-100938,2023-05-14,Central,Office Supplies,Consumer,2,16.89,0.0,33.78,10.43,5.0,No
ORD-102356,2023-05-14,East,Office Supplies,Corporate,5,21.17,0.15,89.97,14.14,2.0,No
ORD-100989,2023-05-14,West,Clothing,Consumer,2,23.07,0.0,46.14,18.5,2.0,No
ORD-102724,2023-05-14,North,Clothing,Consumer,5,67.38,0.0,336.9,86.72,4.0,Yes
ORD-100759,2023-05-15,East,Electronics,Consumer,3,146.43,0.0,439.29,174.65,2.0,No
ORD-102447,2023-05-15,South,Furniture,Corporate,1,105.18,0.2,84.14,12.44,2.0,No
ORD-102709,2023-05-15,East,Office Supplies,Consumer,3,36.45,0.05,103.88,21.27,4.0,No
ORD-101169,2023-05-15,North,Office Supplies,Consumer,4,20.4,,81.6,22.34,5.0,No
ORD-100914,2023-05-15,Central,Furniture,Corporate,6,280.68,0.15,1431.47,199.62,9.0,Yes
ORD-100826,2023-05-15,East,Electronics,Consumer,6,265.78,0.15,1355.48,301.96,5.0,No
ORD-101290,2023-05-16,East,Electronics,Consumer,1,80.51,0.1,72.46,22.09,3.0,No
ORD-102696,2023-05-16,West,Electronics,Consumer,3,93.96,0.05,267.79,68.69,7.0,Yes
ORD-100485,2023-05-16,South,Office Supplies,Home Office,4,47.89,0.1,172.4,52.43,5.0,No
ORD-102592,2023-05-16,East,Office Supplies,Home Office,3,55.63,0.0,166.89,52.51,7.0,No
ORD-102559,2023-05-16,North,Electronics,Home Office,6,189.08,0.0,1134.48,396.74,6.0,No
ORD-101141,2023-05-17,West,Office Supplies,Corporate,5,43.49,0.3,152.22,6.82,6.0,No
ORD-100120,2023-05-17,East,Electronics,Consumer,1,290.32,0.1,261.29,64.23,3.0,No
ORD-101415,2023-05-18,West,Office Supplies,Home Office,4,24.38,0.0,97.52,35.7,3.0,No
ORD-100776,2023-05-18,East,Office Supplies,Consumer,5,15.92,0.05,75.62,19.62,7.0,No
ORD-100948,2023-05-18,Central,Clothing,Corporate,4,37.49,0.15,127.47,24.82,7.0,No
ORD-101527,2023-05-18,East,Office Supplies,Corporate,3,37.88,0.2,90.91,17.78,4.0,No
ORD-102204,2023-05-18,South,Electronics,Consumer,2,213.06,0.0,426.12,129.2,4.0,No
ORD-102366,2023-05-18,South,Furniture,Consumer,8,90.98,0.15,618.66,107.6,4.0,No
ORD-101622,2023-05-18,West,Office Supplies,Consumer,3,44.98,0.0,134.94,35.35,3.0,No
ORD-102140,2023-05-19,Central,Office Supplies,Consumer,7,32.86,0.05,218.52,58.86,10.0,No
ORD-100144,2023-05-20,East,Clothing,Corporate,1,141.18,0.0,141.18,53.54,3.0,No
ORD-101957,2023-05-20,North,Electronics,Consumer,1,101.39,0.05,96.32,27.21,7.0,No
ORD-102318,2023-05-20,East,Furniture,Consumer,7,437.13,0.1,2753.92,672.52,5.0,No
ORD-100732,2023-05-20,North,Office Supplies,Home Office,7,49.71,0.05,330.57,98.85,5.0,No
ORD-102700,2023-05-20,West,Clothing,Consumer,7,88.29,0.0,618.03,175.39,1.0,No
ORD-102207,2023-05-20,East,Clothing,Consumer,2,174.36,0.0,348.72,118.52,3.0,Yes
ORD-102716,2023-05-21,East,Clothing,Consumer,4,158.26,0.05,601.39,191.66,5.0,No
ORD-100467,2023-05-21,Central,Furniture,Corporate,6,337.95,0.2,1622.16,116.59,,No
ORD-102380,2023-05-21,West,Electronics,Consumer,6,315.06,0.0,1890.36,511.4,3.0,No
ORD-101079,2023-05-21,South,Office Supplies,Home Office,6,19.03,0.0,114.18,38.45,3.0,No
ORD-101393,2023-05-21,North,Office Supplies,Corporate,3,47.17,0.15,120.28,27.49,4.0,No
ORD-102187,2023-05-22,East,Office Supplies,Consumer,3,37.54,0.0,112.62,47.31,2.0,No
ORD-100195,2023-05-22,North,Furniture,Consumer,3,695.61,0.0,2086.83,768.49,3.0,No
ORD-102268,2023-05-22,West,Clothing,Corporate,3,27.83,0.15,70.97,12.54,5.0,No
ORD-100601,2023-05-23,West,Electronics,Consumer,2,754.05,0.0,1508.1,387.9,5.0,No
ORD-102333,2023-05-23,North,Electronics,Corporate,6,142.68,0.2,684.86,71.06,8.0,No
ORD-101874,2023-05-23,Central,Office Supplies,Corporate,3,22.15,0.1,59.8,12.03,5.0,No
ORD-100691,2023-05-23,Central,Office Supplies,Consumer,8,21.92,0.0,175.36,48.18,6.0,No
ORD-100093,2023-05-24,South,Clothing,Corporate,6,115.94,0.2,556.51,72.43,4.0,No
ORD-100548,2023-05-24,West,Electronics,Corporate,5,137.94,0.1,620.73,152.83,2.0,No
ORD-100150,2023-05-24,West,Electronics,Corporate,1,43.18,0.1,38.86,9.4,5.0,No
ORD-100555,2023-05-24,North,Office Supplies,Consumer,8,38.82,0.0,310.56,117.17,3.0,No
ORD-100831,2023-05-24,East,Office Supplies,Corporate,2,39.99,0.2,63.98,8.82,4.0,No
ORD-101132,2023-05-25,North,Furniture,Consumer,6,146.65,0.0,879.9,226.9,1.0,No
ORD-100592,2023-05-25,South,Clothing,Consumer,7,60.53,0.0,423.71,144.7,1.0,Yes
ORD-101335,2023-05-25,West,Electronics,Home Office,3,82.65,0.05,235.55,77.38,3.0,No
ORD-101890,2023-05-25,North,Electronics,Corporate,7,173.04,0.15,1029.59,108.54,3.0,No
ORD-101940,2023-05-25,North,Clothing,Consumer,5,24.79,0.05,117.75,32.45,4.0,No
ORD-101362,2023-05-26,East,Office Supplies,Home Office,5,49.81,0.2,199.24,41.24,3.0,No
ORD-101414,2023-05-26,North,Electronics,Corporate,3,560.83,0.2,1345.99,30.33,5.0,No
ORD-102598,2023-05-27,Central,Office Supplies,Consumer,6,41.37,0.05,235.81,57.91,4.0,No
ORD-102486,2023-05-27,West,Clothing,Home Office,4,134.35,0.0,537.4,182.26,8.0,No
ORD-101745,2023-05-27,East,Electronics,Corporate,7,414.85,0.2,2323.16,460.5,7.0,Yes
ORD-101718,2023-05-27,East,Office Supplies,Corporate,5,61.05,0.1,274.73,65.25,1.0,No
ORD-101505,2023-05-27,East,Furniture,Corporate,6,379.27,0.15,1934.28,456.98,9.0,Yes
ORD-102887,2023-05-28,Central,Electronics,Corporate,2,156.13,0.2,249.81,43.94,2.0,No
ORD-102254,2023-05-28,Central,Office Supplies,Corporate,4,22.54,0.15,76.64,17.42,6.0,No
ORD-102994,2023-05-28,East,Office Supplies,Consumer,3,30.55,0.05,87.07,18.92,6.0,No
ORD-101063,2023-05-28,East,Office Supplies,Consumer,8,46.04,0.2,294.66,70.89,1.0,Yes
ORD-102711,2023-05-29,North,Office Supplies,Consumer,8,50.13,0.1,360.94,55.0,4.0,No
ORD-100562,2023-05-29,West,Clothing,Consumer,2,47.57,0.0,95.14,38.92,3.0,No
ORD-100345,2023-05-30,West,Office Supplies,Corporate,7,31.29,0.0,219.03,78.12,2.0,No
ORD-100054,2023-05-30,West,Office Supplies,Consumer,2,56.41,0.1,101.54,23.27,2.0,No
ORD-102422,2023-05-31,West,Office Supplies,Corporate,4,80.52,0.15,273.77,46.15,5.0,No
ORD-101023,2023-05-31,East,Clothing,Consumer,5,66.82,0.15,283.98,61.24,4.0,No
ORD-102499,2023-05-31,East,Electronics,Consumer,2,77.14,0.05,146.57,50.23,7.0,No
ORD-100374,2023-05-31,North,Office Supplies,Consumer,7,80.26,0.15,477.55,82.22,1.0,No
ORD-101824,2023-06-01,West,Furniture,Home Office,8,328.31,0.1,2363.83,550.55,7.0,Yes
ORD-100403,2023-06-01,North,Clothing,Corporate,3,71.15,0.0,213.45,70.78,2.0,No
ORD-102480,2023-06-01,East,Electronics,Consumer,4,273.76,0.0,1095.04,311.37,2.0,No
ORD-100227,2023-06-02,East,Electronics,Consumer,5,196.59,0.05,933.8,214.99,4.0,No
ORD-102791,2023-06-02,North,Office Supplies,Home Office,2,49.22,0.05,93.52,24.54,3.0,No
ORD-100805,2023-06-02,North,Electronics,Corporate,1,202.95,,182.66,45.82,3.0,No
ORD-100036,2023-06-02,North,Office Supplies,Home Office,6,44.81,0.0,268.86,82.51,2.0,No
ORD-102199,2023-06-02,West,Office Supplies,Consumer,8,22.7,0.05,172.52,39.91,6.0,No
ORD-100207,2023-06-03,West,Electronics,Consumer,8,71.6,0.05,544.16,153.76,3.0,No
ORD-101609,2023-06-03,South,Clothing,Home Office,4,78.55,0.0,314.2,96.85,4.0,No
ORD-101070,2023-06-03,Central,Furniture,Corporate,5,213.43,0.2,853.72,180.71,5.0,No
ORD-100361,2023-06-04,North,Furniture,Corporate,2,249.65,0.15,424.4,82.84,3.0,No
ORD-101711,2023-06-04,South,Electronics,Corporate,6,137.8,0.3,578.76,47.07,4.0,No
ORD-100655,2023-06-04,South,Electronics,Consumer,1,212.07,0.0,212.07,81.55,3.0,No
ORD-100680,2023-06-05,North,Office Supplies,Corporate,1,53.64,0.1,48.28,16.67,3.0,No
ORD-102232,2023-06-05,North,Furniture,Home Office,7,153.77,0.0,1076.39,353.36,4.0,No
ORD-101998,2023-06-05,West,Furniture,Consumer,1,183.09,0.05,173.94,45.33,,Yes
ORD-100406,2023-06-05,South,Office Supplies,Home Office,3,17.65,0.1,47.65,11.54,4.0,No
ORD-101108,2023-06-06,Central,Clothing,Consumer,6,103.02,0.05,587.21,124.94,4.0,No
ORD-102032,2023-06-06,South,Electronics,Corporate,1,157.49,0.0,157.49,42.93,8.0,No
ORD-100640,2023-06-06,West,Electronics,Consumer,3,106.83,0.1,288.44,62.64,2.0,No
ORD-102019,2023-06-07,South,Furniture,Corporate,4,235.41,0.15,800.39,192.43,,No
ORD-100110,2023-06-07,East,Furniture,Consumer,8,1103.69,0.05,8388.04,2073.03,4.0,No
ORD-100858,2023-06-07,South,Office Supplies,Consumer,8,17.77,0.0,142.16,47.44,3.0,No
ORD-100009,2023-06-08,East,Office Supplies,Home Office,8,31.96,,230.11,40.92,6.0,Yes
ORD-102354,2023-06-08,South,Clothing,Corporate,5,40.49,0.2,161.96,20.94,5.0,No
ORD-102794,2023-06-09,West,Office Supplies,Corporate,5,46.14,0.0,230.7,73.54,6.0,No
ORD-100373,2023-06-09,South,Electronics,Corporate,1,134.82,0.0,134.82,48.91,5.0,No
ORD-101583,2023-06-09,South,Clothing,Corporate,2,38.91,0.15,66.15,10.26,2.0,No
ORD-101011,2023-06-10,East,Electronics,Home Office,4,90.39,0.0,361.56,95.31,3.0,No
ORD-102116,2023-06-10,South,Office Supplies,Corporate,7,47.74,0.1,300.76,85.73,2.0,No
ORD-101384,2023-06-11,Central,Clothing,Consumer,7,82.43,0.0,577.01,222.76,8.0,Yes
ORD-102384,2023-06-12,North,Electronics,Consumer,5,93.94,0.1,422.73,117.84,5.0,No
ORD-101893,2023-06-12,North,Electronics,Consumer,4,315.52,0.1,1135.87,278.5,5.0,No
ORD-102808,2023-06-12,North,Electronics,Home Office,3,363.26,0.1,980.8,202.7,7.0,Yes
ORD-102758,2023-06-13,West,Electronics,Consumer,2,114.92,0.2,183.87,21.52,2.0,No
ORD-101729,2023-06-13,South,Furniture,Consumer,3,439.23,,1185.92,326.95,5.0,No
ORD-100821,2023-06-13,East,Office Supplies,Home Office,6,47.92,0.05,273.14,97.57,5.0,Yes
ORD-101500,2023-06-14,West,Electronics,Consumer,6,235.34,0.2,1129.63,223.04,1.0,No
ORD-102214,2023-06-14,Central,Furniture,Consumer,3,223.49,0.0,670.47,221.35,4.0,No
ORD-101752,2023-06-14,Central,Furniture,Home Office,7,177.65,0.05,1181.37,321.53,7.0,No
ORD-101370,2023-06-14,North,Furniture,Consumer,2,150.4,0.0,300.8,96.38,3.0,No
ORD-101160,2023-06-14,North,Office Supplies,Corporate,6,38.65,0.1,208.71,30.74,6.0,No
ORD-102067,2023-06-14,Central,Furniture,Consumer,3,302.89,0.05,863.24,226.13,3.0,No
ORD-102588,2023-06-14,East,Office Supplies,Consumer,7,27.1,0.05,180.22,53.23,4.0,No
ORD-100843,2023-06-15,South,Office Supplies,Consumer,4,30.84,0.05,117.19,32.28,,No
ORD-101179,2023-06-15,North,Clothing,Consumer,8,118.92,0.05,903.79,238.6,4.0,No
ORD-100180,2023-06-16,Central,Clothing,Consumer,1,56.4,0.05,53.58,7.85,3.0,No
ORD-102807,2023-06-17,West,Clothing,Corporate,4,30.47,0.0,121.88,42.89,3.0,No
ORD-100123,2023-06-18,South,Office Supplies,Consumer,3,37.83,0.15,96.47,19.09,3.0,No
ORD-102920,2023-06-18,Central,Office Supplies,Consumer,4,27.06,0.1,97.42,24.71,7.0,No
ORD-101822,2023-06-18,East,Office Supplies,Consumer,3,62.8,0.15,160.14,22.14,,No
ORD-100202,2023-06-19,East,Clothing,Corporate,1,50.35,0.15,42.8,6.7,3.0,Yes
ORD-101731,2023-06-19,North,Clothing,Consumer,3,139.02,0.0,417.06,150.55,2.0,No
ORD-102775,2023-06-19,South,Electronics,Consumer,5,216.74,0.1,975.33,178.49,3.0,No
ORD-100798,2023-06-20,West,Furniture,Corporate,2,239.62,0.3,335.47,5.17,8.0,No
ORD-102911,2023-06-20,North,Electronics,Consumer,6,517.96,0.2,2486.21,325.57,6.0,No
ORD-101247,2023-06-20,North,Electronics,Consumer,5,144.24,0.05,685.14,239.71,4.0,No
ORD-101719,2023-06-20,West,Electronics,Consumer,5,270.74,0.05,1286.01,374.17,10.0,No
ORD-102328,2023-06-20,East,Furniture,Corporate,8,177.09,0.15,1204.21,139.03,5.0,No
ORD-100932,2023-06-20,South,Office Supplies,Corporate,1,13.57,0.2,10.86,2.67,3.0,No
ORD-100233,2023-06-20,East,Electronics,Consumer,2,240.59,0.0,481.18,178.04,2.0,No
ORD-100890,2023-06-21,South,Electronics,Corporate,8,144.47,0.15,982.4,215.15,1.0,No
ORD-102736,2023-06-21,North,Office Supplies,Corporate,6,68.29,0.15,348.28,83.5,5.0,No
ORD-102483,2023-06-21,South,Furniture,Corporate,1,142.35,0.1,128.12,26.71,5.0,No
ORD-102002,2023-06-21,Central,Office Supplies,Consumer,6,28.82,0.1,155.63,28.33,5.0,No
ORD-102145,2023-06-22,Central,Clothing,Corporate,7,20.04,0.0,140.28,48.86,5.0,No
ORD-102248,2023-06-22,South,Electronics,Consumer,7,148.28,0.1,934.16,186.34,3.0,No
ORD-102717,2023-06-22,Central,Clothing,Consumer,8,71.2,0.0,569.6,212.2,4.0,No
ORD-100193,2023-06-23,West,Office Supplies,Consumer,8,36.5,0.15,248.2,49.67,2.0,No
ORD-102276,2023-06-23,East,Office Supplies,Consumer,6,29.88,0.15,152.39,41.77,6.0,No
ORD-101076,2023-06-23,East,Office Supplies,Consumer,2,16.66,0.0,33.32,10.25,5.0,Yes
ORD-101001,2023-06-24,East,Furniture,Home Office,8,421.84,0.05,3205.98,769.5,4.0,No
ORD-101903,2023-06-24,North,Clothing,Corporate,5,151.18,0.15,642.52,146.34,3.0,No
ORD-101887,2023-06-24,North,Office Supplies,Consumer,2,49.23,0.1,88.61,17.99,4.0,No
ORD-101149,2023-06-24,Central,Furniture,Corporate,8,69.33,0.2,443.71,60.39,7.0,No
ORD-101869,2023-06-25,West,Office Supplies,Corporate,5,37.92,0.1,170.64,34.07,4.0,No
ORD-102805,2023-06-25,North,Office Supplies,Corporate,2,26.59,0.0,53.18,17.26,3.0,No
ORD-100024,2023-06-25,West,Furniture,Home Office,1,789.21,0.0,789.21,182.1,,No
ORD-101846,2023-06-25,South,Electronics,Consumer,2,90.96,0.1,163.73,48.6,1.0,Yes
ORD-101116,2023-06-26,North,Office Supplies,Consumer,2,40.35,0.0,80.7,27.29,7.0,No
ORD-101014,2023-06-26,South,Office Supplies,Consumer,3,35.4,0.2,84.96,10.62,,No
ORD-101533,2023-06-26,West,Office Supplies,Consumer,3,53.49,0.0,160.47,55.4,4.0,No
ORD-100302,2023-06-26,East,Electronics,Corporate,2,341.6,0.2,546.56,59.01,6.0,Yes
ORD-100257,2023-06-26,North,Furniture,Consumer,7,3137.88,0.1,19768.64,4539.08,6.0,No
ORD-100084,2023-06-26,North,Office Supplies,Consumer,3,39.35,0.1,106.25,30.88,7.0,Yes
ORD-100319,2023-06-26,Central,Furniture,Corporate,5,176.83,0.3,618.9,51.58,7.0,No
ORD-101594,2023-06-26,West,Electronics,Corporate,4,134.82,0.0,539.28,146.66,1.0,No
ORD-102118,2023-06-27,North,Electronics,Consumer,5,193.96,0.0,969.8,398.86,5.0,No
ORD-100381,2023-06-27,Central,Clothing,Home Office,4,44.77,0.2,143.26,27.26,7.0,Yes
ORD-102493,2023-06-27,Central,Furniture,Home Office,3,96.78,0.0,290.34,84.42,4.0,No
ORD-102297,2023-06-27,North,Electronics,Consumer,5,142.32,0.0,711.6,239.43,3.0,No
ORD-102029,2023-06-27,East,Electronics,Corporate,6,151.8,0.1,819.72,227.18,5.0,Yes
ORD-100663,2023-06-27,North,Office Supplies,Home Office,6,68.1,0.05,388.17,121.64,1.0,No
ORD-100017,2023-06-27,North,Electronics,Home Office,4,183.76,0.1,661.54,185.84,5.0,No
ORD-102878,2023-06-27,East,Office Supplies,Consumer,4,56.47,0.2,180.7,36.21,5.0,No
ORD-101620,2023-06-28,North,Electronics,Consumer,4,158.2,0.0,632.8,201.61,3.0,Yes
ORD-100088,2023-06-28,North,Office Supplies,Consumer,8,34.27,0.05,260.45,98.23,6.0,No
ORD-100137,2023-06-28,East,Electronics,Consumer,7,144.93,0.05,963.78,331.67,1.0,No
ORD-101421,2023-06-29,East,Electronics,Consumer,6,76.91,0.1,415.31,104.04,3.0,No
ORD-102208,2023-06-29,North,Electronics,Corporate,1,186.8,0.1,168.12,38.53,3.0,No
ORD-102627,2023-06-29,South,Office Supplies,Home Office,6,22.03,0.1,118.96,19.29,4.0,Yes
ORD-100940,2023-06-30,South,Electronics,Corporate,2,99.91,0.3,139.87,16.92,2.0,No
ORD-101176,2023-06-30,East,Office Supplies,Consumer,4,45.3,0.1,163.08,39.47,4.0,No
ORD-101765,2023-06-30,North,Electronics,Consumer,5,127.72,0.0,638.6,216.53,3.0,No
ORD-100134,2023-06-30,East,Office Supplies,Consumer,1,23.03,0.05,21.88,3.67,5.0,No
ORD-101476,2023-06-30,South,Office Supplies,Consumer,7,38.08,0.05,253.23,61.82,3.0,No
ORD-102121,2023-07-01,North,Furniture,Corporate,7,367.33,0.1,2314.18,465.69,3.0,No
ORD-101516,2023-07-01,North,Furniture,Home Office,5,195.68,0.15,831.64,161.13,6.0,Yes
ORD-101109,2023-07-02,North,Office Supplies,Consumer,5,33.16,0.15,140.93,29.44,2.0,No
ORD-101626,2023-07-02,South,Clothing,Home Office,5,22.37,0.0,111.85,39.41,3.0,No
ORD-102476,2023-07-02,North,Electronics,Corporate,5,83.16,0.1,374.22,76.89,4.0,No
ORD-101389,2023-07-02,North,Office Supplies,Consumer,2,23.08,0.05,43.85,11.7,6.0,No
ORD-102147,2023-07-03,Central,Office Supplies,Consumer,4,22.84,0.0,91.36,27.54,4.0,No
ORD-100071,2023-07-03,South,Clothing,Consumer,6,66.49,0.05,378.99,35.05,3.0,No
ORD-100942,2023-07-03,North,Electronics,Corporate,1,108.63,0.15,92.34,17.59,1.0,No
ORD-102293,2023-07-03,South,Office Supplies,Consumer,5,18.83,0.1,84.74,20.49,5.0,No
ORD-101701,2023-07-03,Central,Furniture,Corporate,8,198.15,0.0,1585.2,457.55,3.0,No
ORD-102389,2023-07-03,North,Clothing,Corporate,5,63.56,0.2,254.24,37.25,3.0,No
ORD-102326,2023-07-03,North,Office Supplies,Corporate,3,50.85,0.0,152.55,35.3,6.0,No
ORD-100228,2023-07-04,East,Office Supplies,Consumer,8,28.59,0.05,217.28,79.64,3.0,Yes
ORD-101292,2023-07-04,East,Electronics,Home Office,8,506.52,0.05,3849.55,1350.19,3.0,No
ORD-101126,2023-07-04,East,Office Supplies,Consumer,2,19.02,0.1,34.24,8.83,4.0,No
ORD-100652,2023-07-04,West,Furniture,Corporate,5,103.54,0.3,362.39,64.08,7.0,Yes
ORD-102961,2023-07-04,Central,Electronics,Consumer,7,155.39,0.05,1033.34,324.26,,No
ORD-100162,2023-07-05,North,Electronics,Consumer,2,101.06,0.05,192.01,61.05,2.0,No
ORD-101671,2023-07-05,East,Furniture,Consumer,7,176.78,0.05,1175.59,393.35,3.0,No
ORD-101189,2023-07-06,East,Office Supplies,Corporate,4,24.25,0.1,87.3,22.11,4.0,Yes
ORD-100726,2023-07-06,North,Clothing,Consumer,8,97.23,0.0,777.84,250.67,3.0,No
ORD-100646,2023-07-06,North,Furniture,Consumer,4,151.48,0.1,545.33,147.55,3.0,No
ORD-101418,2023-07-07,Central,Electronics,Consumer,5,133.2,0.15,566.1,47.18,5.0,No
ORD-101804,2023-07-07,West,Clothing,Consumer,5,41.08,0.05,195.13,60.34,2.0,No
ORD-100611,2023-07-07,East,Furniture,Consumer,1,467.91,0.1,421.12,92.82,6.0,No
ORD-100667,2023-07-08,Central,Electronics,Consumer,8,200.06,0.0,1600.48,608.22,5.0,No
ORD-101935,2023-07-09,North,Electronics,Consumer,1,167.19,0.1,150.47,20.02,1.0,No
ORD-100750,2023-07-09,South,Electronics,Consumer,3,103.99,0.1,280.77,71.84,,No
ORD-102927,2023-07-09,East,Clothing,Home Office,5,163.94,0.0,819.7,266.9,2.0,No
ORD-100781,2023-07-09,Central,Clothing,Consumer,3,17.95,0.05,51.16,16.21,9.0,No
ORD-101950,2023-07-09,Central,Electronics,Corporate,4,127.2,0.15,432.48,48.82,6.0,No
ORD-102150,2023-07-09,East,Office Supplies,Consumer,4,16.88,0.1,60.77,12.59,1.0,No
ORD-102221,2023-07-09,East,Office Supplies,Corporate,8,54.38,0.3,304.53,46.14,3.0,Yes
ORD-102042,2023-07-09,East,Furniture,Home Office,8,131.95,0.15,897.26,230.23,5.0,No
ORD-101445,2023-07-09,East,Office Supplies,Corporate,1,26.53,0.1,23.88,7.13,8.0,No
ORD-101450,2023-07-09,West,Clothing,Consumer,6,45.71,0.1,246.83,82.74,7.0,Yes
ORD-102347,2023-07-09,West,Office Supplies,Consumer,3,30.01,0.0,90.03,25.79,4.0,No
ORD-100216,2023-07-09,North,Furniture,Corporate,5,397.39,0.1,1788.26,453.43,5.0,No
ORD-100176,2023-07-10,South,Clothing,Corporate,1,44.65,0.1,40.18,13.67,5.0,Yes
ORD-100923,2023-07-10,East,Clothing,Consumer,4,56.5,0.05,214.7,51.05,1.0,No
ORD-100809,2023-07-10,Central,Office Supplies,Corporate,6,14.14,0.15,72.11,15.96,6.0,No
ORD-102996,2023-07-10,East,Office Supplies,Home Office,8,18.42,0.0,147.36,44.44,1.0,No
ORD-101280,2023-07-10,South,Electronics,Corporate,4,239.15,0.2,765.28,118.14,5.0,No
ORD-100158,2023-07-11,West,Clothing,Consumer,5,46.75,0.1,210.38,50.22,3.0,No
ORD-100433,2023-07-11,West,Electronics,Home Office,7,104.17,0.05,692.73,235.38,3.0,No
ORD-100860,2023-07-11,West,Office Supplies,Consumer,4,64.15,0.0,256.6,70.96,1.0,No
ORD-100151,2023-07-12,Central,Office Supplies,Corporate,4,27.2,0.15,92.48,21.81,5.0,No
ORD-102264,2023-07-12,East,Furniture,Corporate,6,625.11,0.2,3000.53,260.69,3.0,No
ORD-101559,2023-07-13,Central,Office Supplies,Home Office,6,29.65,0.05,169.0,43.52,5.0,No
ORD-102093,2023-07-13,North,Furniture,Home Office,8,148.92,0.0,1191.36,433.2,6.0,No
ORD-100230,2023-07-13,North,Furniture,Home Office,2,377.84,0.05,717.9,191.04,4.0,No
ORD-102898,2023-07-13,East,Office Supplies,Consumer,5,77.95,0.0,389.75,124.08,4.0,Yes
ORD-102694,2023-07-13,Central,Office Supplies,Corporate,8,33.47,0.1,240.98,64.3,8.0,No
ORD-101688,2023-07-13,East,Clothing,Consumer,2,48.06,0.1,86.51,18.57,4.0,No
ORD-102622,2023-07-13,North,Office Supplies,Consumer,6,33.02,0.1,178.31,35.99,3.0,No
ORD-101723,2023-07-13,East,Office Supplies,Consumer,4,26.52,0.2,84.86,12.52,4.0,No
ORD-102015,2023-07-13,East,Furniture,Consumer,6,103.99,0.0,623.94,207.85,5.0,No
ORD-102265,2023-07-14,North,Electronics,Home Office,3,563.71,0.0,1691.13,408.38,4.0,No
ORD-102540,2023-07-14,East,Clothing,Consumer,3,90.49,0.0,271.47,71.02,2.0,No
ORD-102686,2023-07-14,North,Electronics,Corporate,6,264.69,0.0,1588.14,427.19,2.0,No
ORD-100829,2023-07-15,North,Office Supplies,Corporate,6,46.72,0.0,280.32,113.36,5.0,No
ORD-102438,2023-07-15,South,Clothing,Home Office,5,66.65,0.1,299.92,100.96,8.0,No
ORD-100295,2023-07-15,Central,Clothing,Corporate,8,57.01,0.15,387.67,51.41,3.0,No
ORD-100815,2023-07-16,Central,Furniture,Consumer,8,320.33,0.1,2306.38,639.81,5.0,Yes
ORD-100432,2023-07-16,West,Clothing,Consumer,2,63.93,0.2,102.29,22.04,4.0,No
ORD-102179,2023-07-16,Central,Office Supplies,Consumer,1,60.9,0.0,60.9,20.56,4.0,No
ORD-101737,2023-07-16,North,Electronics,Consumer,3,96.09,0.0,288.27,69.89,3.0,Yes
ORD-101307,2023-07-16,West,Furniture,Corporate,1,179.43,0.0,179.43,56.85,4.0,No
ORD-100045,2023-07-17,West,Clothing,Consumer,4,25.24,0.05,95.91,26.39,5.0,Yes
ORD-101973,2023-07-18,South,Clothing,Consumer,5,27.16,0.1,122.22,24.59,6.0,No
ORD-102539,2023-07-18,East,Electronics,Consumer,1,131.59,0.0,131.59,43.23,2.0,No
ORD-102076,2023-07-18,Central,Office Supplies,Consumer,6,37.35,0.15,190.48,50.18,5.0,No
ORD-101002,2023-07-18,North,Clothing,Corporate,8,28.43,0.1,204.7,39.96,5.0,Yes
ORD-101918,2023-07-19,East,Clothing,Home Office,4,82.85,0.0,331.4,74.74,6.0,No
ORD-101921,2023-07-19,South,Electronics,Consumer,3,118.78,0.0,356.34,128.63,2.0,No
ORD-101923,2023-07-19,South,Clothing,Corporate,1,62.68,0.1,56.41,17.07,3.0,Yes
ORD-100757,2023-07-19,Central,Electronics,Home Office,4,58.21,0.0,232.84,86.65,11.0,No
ORD-100055,2023-07-20,West,Office Supplies,Consumer,7,52.23,0.0,365.61,91.08,1.0,Yes
ORD-102932,2023-07-20,East,Furniture,Consumer,1,161.22,0.2,128.98,16.17,1.0,No
ORD-101366,2023-07-20,North,Office Supplies,Consumer,4,68.69,0.05,261.02,68.02,,No
ORD-101536,2023-07-21,West,Office Supplies,Consumer,2,56.63,0.05,107.6,21.16,1.0,No
ORD-102507,2023-07-21,Central,Furniture,Consumer,6,110.24,0.0,661.44,271.24,5.0,No
ORD-101486,2023-07-21,Central,Office Supplies,Consumer,7,57.15,0.05,380.05,134.55,9.0,No
ORD-100346,2023-07-21,Central,Office Supplies,Home Office,3,24.0,0.0,72.0,22.11,7.0,No
ORD-100311,2023-07-21,South,Clothing,Home Office,1,66.38,0.05,63.06,18.07,2.0,No
ORD-102603,2023-07-21,West,Clothing,Home Office,1,37.18,0.15,31.6,7.06,7.0,No
ORD-100136,2023-07-22,Central,Clothing,Home Office,6,47.97,0.05,273.43,46.29,5.0,No
ORD-102649,2023-07-22,West,Electronics,Corporate,8,267.43,0.1,1925.5,482.37,1.0,No
ORD-101714,2023-07-23,South,Office Supplies,Consumer,8,40.22,0.05,305.67,94.31,7.0,No
ORD-101585,2023-07-23,Central,Office Supplies,Consumer,2,36.07,0.1,64.93,19.51,9.0,Yes
ORD-100870,2023-07-24,West,Furniture,Corporate,5,224.14,0.15,952.59,117.79,3.0,Yes
ORD-101308,2023-07-24,North,Clothing,Consumer,8,324.58,0.05,2466.81,582.69,2.0,No
ORD-101411,2023-07-25,Central,Electronics,Corporate,3,254.69,0.3,534.85,37.49,5.0,No
ORD-101696,2023-07-25,North,Furniture,Consumer,5,306.72,0.05,1456.92,373.19,3.0,No
ORD-100964,2023-07-25,Central,Furniture,Consumer,5,81.2,0.1,365.4,93.72,6.0,No
ORD-101624,2023-07-25,South,Electronics,Consumer,4,147.28,0.0,589.12,125.61,3.0,No
ORD-102177,2023-07-25,West,Electronics,Corporate,1,99.26,0.15,84.37,7.07,3.0,No
ORD-101435,2023-07-26,Central,Office Supplies,Consumer,7,33.32,0.15,198.25,42.79,2.0,No
ORD-102092,2023-07-26,East,Furniture,Consumer,1,415.5,0.1,373.95,70.56,4.0,No
ORD-102183,2023-07-26,North,Office Supplies,Consumer,7,75.27,0.0,526.89,164.34,3.0,No
ORD-100166,2023-07-26,West,Electronics,Corporate,6,55.44,0.1,299.38,101.9,5.0,Yes
ORD-102519,2023-07-26,North,Office Supplies,Consumer,3,60.33,0.15,153.84,32.99,4.0,No
ORD-102899,2023-07-26,South,Electronics,Consumer,5,216.95,0.0,1084.75,345.14,3.0,No
ORD-101425,2023-07-27,South,Furniture,Consumer,5,150.8,0.05,716.3,182.59,4.0,No
ORD-101551,2023-07-27,South,Office Supplies,Corporate,4,25.42,0.0,101.68,33.32,8.0,No
ORD-100924,2023-07-28,North,Electronics,Consumer,1,303.35,0.0,303.35,114.24,5.0,No
ORD-102629,2023-07-28,North,Furniture,Home Office,4,854.92,0.1,3077.71,920.51,4.0,No
ORD-101965,2023-07-29,North,Electronics,Corporate,4,154.49,0.15,525.27,72.81,5.0,No
ORD-102291,2023-07-29,West,Furniture,Home Office,8,388.64,0.15,2642.75,487.93,,No
ORD-102413,2023-07-29,East,Electronics,Consumer,8,100.2,0.1,721.44,200.63,2.0,No
ORD-101405,2023-07-29,South,Office Supplies,Consumer,1,38.04,0.05,36.14,7.94,4.0,No
ORD-100117,2023-07-29,West,Office Supplies,Consumer,7,15.12,0.05,100.55,25.21,,No
ORD-101502,2023-07-29,South,Office Supplies,Consumer,6,45.89,0.0,275.34,79.7,9.0,No
ORD-100145,2023-07-30,South,Office Supplies,Corporate,2,46.96,0.15,79.83,13.43,1.0,No
ORD-100863,2023-07-30,East,Furniture,Consumer,2,413.89,0.0,827.78,279.89,1.0,No
ORD-100814,2023-07-30,North,Furniture,Consumer,7,552.93,0.0,3870.51,1346.7,3.0,No
ORD-101245,2023-07-30,South,Electronics,Home Office,3,65.0,0.05,185.25,59.31,1.0,No
ORD-101164,2023-07-31,North,Office Supplies,Home Office,3,13.62,0.2,32.69,4.9,4.0,No
ORD-101055,2023-07-31,West,Clothing,Consumer,6,83.69,0.0,502.14,182.51,5.0,Yes
ORD-102916,2023-07-31,North,Office Supplies,Corporate,7,29.62,0.3,145.14,4.88,6.0,No
ORD-101134,2023-08-01,Central,Office Supplies,Consumer,6,39.67,0.0,238.02,78.9,5.0,No
ORD-101182,2023-08-01,North,Office Supplies,Corporate,6,38.61,0.2,185.33,19.39,6.0,No
ORD-102084,2023-08-01,West,Clothing,Consumer,8,22.76,0.05,172.98,47.25,1.0,No
ORD-100671,2023-08-02,East,Office Supplies,Consumer,5,40.82,0.0,204.1,65.47,4.0,No
ORD-102155,2023-08-02,West,Electronics,Home Office,5,298.99,0.1,1345.46,277.44,3.0,No
ORD-102744,2023-08-02,South,Office Supplies,Corporate,1,21.56,0.3,15.09,0.71,3.0,No
ORD-100706,2023-08-02,West,Furniture,Consumer,8,193.59,0.0,1548.72,499.48,2.0,No
ORD-101577,2023-08-03,West,Electronics,Consumer,5,161.48,0.15,686.29,85.28,5.0,No
ORD-100097,2023-08-03,North,Furniture,Corporate,3,192.87,0.15,491.82,57.38,5.0,Yes
ORD-101085,2023-08-03,West,Clothing,Corporate,6,23.5,0.3,98.7,0.33,3.0,No
ORD-100070,2023-08-03,North,Electronics,Home Office,1,492.19,0.0,492.19,132.52,6.0,Yes
ORD-100566,2023-08-03,West,Clothing,Corporate,4,49.08,0.3,137.42,16.3,2.0,No
ORD-101074,2023-08-03,West,Electronics,Corporate,2,245.32,0.3,343.45,23.2,2.0,No
ORD-100141,2023-08-03,East,Electronics,Consumer,6,86.64,0.05,493.85,146.32,4.0,Yes
ORD-100395,2023-08-04,East,Clothing,Corporate,1,40.38,0.1,36.34,8.69,3.0,No
ORD-102921,2023-08-04,North,Electronics,Corporate,1,95.27,0.15,80.98,13.94,6.0,No
ORD-100683,2023-08-04,East,Office Supplies,Home Office,8,57.85,0.1,416.52,74.28,4.0,No
ORD-100420,2023-08-05,East,Clothing,Consumer,7,61.57,0.0,430.99,131.65,3.0,No
ORD-101260,2023-08-05,North,Clothing,Home Office,4,67.27,0.0,269.08,100.98,3.0,Yes
ORD-100094,2023-08-05,South,Office Supplies,Home Office,6,37.52,0.0,225.12,58.94,3.0,No
ORD-100252,2023-08-05,East,Electronics,Consumer,6,100.21,0.15,511.07,102.26,5.0,No
ORD-101672,2023-08-05,West,Electronics,Home Office,6,306.22,0.05,1745.45,577.62,7.0,No
ORD-100412,2023-08-05,North,Office Supplies,Consumer,6,36.49,0.0,218.94,76.09,5.0,No
ORD-102448,2023-08-05,East,Office Supplies,Consumer,8,17.73,0.0,141.84,42.34,,No
ORD-100957,2023-08-05,East,Clothing,Corporate,4,42.16,0.1,151.78,34.39,4.0,No
ORD-102551,2023-08-05,East,Electronics,Corporate,7,186.0,0.0,1302.0,434.73,2.0,No
ORD-102367,2023-08-05,South,Office Supplies,Corporate,6,25.98,0.2,124.7,18.25,4.0,No
ORD-101796,2023-08-06,East,Electronics,Consumer,6,118.88,0.05,677.62,157.39,2.0,No
ORD-101319,2023-08-06,West,Furniture,Consumer,8,351.78,0.0,2814.24,1047.68,4.0,No
ORD-102639,2023-08-06,North,Office Supplies,Consumer,7,54.54,0.1,343.6,79.32,8.0,No
ORD-100918,2023-08-06,South,Office Supplies,Consumer,7,23.26,0.1,146.54,43.04,4.0,No
ORD-100672,2023-08-06,Central,Furniture,Consumer,8,209.86,0.05,1594.94,517.59,5.0,No
ORD-101173,2023-08-06,West,Furniture,Corporate,6,488.95,0.3,2053.59,136.84,4.0,No
ORD-101090,2023-08-06,North,Electronics,Consumer,1,658.7,0.0,658.7,229.24,8.0,Yes
ORD-102414,2023-08-06,East,Office Supplies,Consumer,1,37.65,0.05,35.77,9.6,3.0,No
ORD-100021,2023-08-07,South,Office Supplies,Home Office,8,65.43,0.0,523.44,159.48,5.0,No
ORD-102739,2023-08-07,East,Furniture,Corporate,7,272.02,0.2,1523.31,234.0,5.0,No
ORD-100590,2023-08-07,Central,Clothing,Consumer,3,74.13,0.05,211.27,51.17,3.0,No
ORD-101953,2023-08-07,Central,Clothing,Consumer,5,66.87,0.05,317.63,111.32,3.0,No
ORD-101974,2023-08-07,North,Office Supplies,Corporate,7,51.55,0.1,324.76,71.2,1.0,No
ORD-102418,2023-08-08,North,Electronics,Consumer,3,323.34,0.0,970.02,337.83,3.0,No
ORD-101352,2023-08-08,South,Office Supplies,Home Office,8,33.3,0.05,253.08,74.48,5.0,No
ORD-102472,2023-08-08,West,Clothing,Consumer,8,64.48,0.05,490.05,148.32,2.0,No
ORD-102120,2023-08-08,South,Office Supplies,Consumer,4,26.52,0.0,106.08,31.4,1.0,No
ORD-101566,2023-08-08,North,Office Supplies,Consumer,8,16.64,0.2,106.5,14.91,6.0,No
ORD-102676,2023-08-08,East,Electronics,Corporate,4,95.59,0.0,382.36,105.37,2.0,No
ORD-100287,2023-08-09,South,Furniture,Home Office,4,146.6,0.0,586.4,256.92,4.0,No
ORD-100138,2023-08-09,West,Office Supplies,Consumer,4,29.86,0.05,113.47,40.31,,No
ORD-101868,2023-08-09,East,Furniture,Corporate,7,358.28,0.15,2131.77,414.43,5.0,No
ORD-100163,2023-08-10,North,Office Supplies,Corporate,7,58.32,0.2,326.59,58.32,4.0,No
ORD-101803,2023-08-10,West,Office Supplies,Consumer,7,42.31,0.0,296.17,88.24,4.0,No
ORD-100828,2023-08-10,Central,Clothing,Corporate,8,24.02,0.2,153.73,18.8,4.0,Yes
ORD-100896,2023-08-11,South,Furniture,Home Office,2,264.77,0.0,529.54,183.51,7.0,No
ORD-102222,2023-08-11,South,Electronics,Consumer,1,98.83,0.2,79.06,13.21,9.0,Yes
ORD-101567,2023-08-11,North,Electronics,Corporate,8,201.96,0.2,1292.54,134.86,7.0,No
ORD-101205,2023-08-12,North,Office Supplies,Consumer,5,78.96,0.05,375.06,86.09,8.0,No
ORD-100398,2023-08-12,East,Office Supplies,Corporate,6,33.01,0.2,158.45,15.49,4.0,No
ORD-102668,2023-08-12,East,Office Supplies,Corporate,1,46.34,0.3,32.44,4.93,6.0,No
ORD-101298,2023-08-13,West,Office Supplies,Home Office,7,16.64,0.1,104.83,24.44,5.0,No
ORD-102184,2023-08-13,East,Electronics,Consumer,2,470.74,0.05,894.41,213.59,5.0,No
ORD-102074,2023-08-13,South,Clothing,Home Office,3,147.18,0.0,441.54,157.24,1.0,No
ORD-101175,2023-08-13,West,Office Supplies,Consumer,8,30.52,0.15,207.54,33.74,3.0,No
ORD-100278,2023-08-14,Central,Furniture,Corporate,6,59.72,0.1,322.49,97.31,4.0,No
ORD-102497,2023-08-14,North,Furniture,Home Office,1,414.36,0.15,352.21,39.33,4.0,No
ORD-101945,2023-08-14,Central,Clothing,Consumer,6,29.43,0.1,158.92,41.41,4.0,No
ORD-101949,2023-08-14,Central,Office Supplies,Home Office,7,17.34,0.0,121.38,34.76,7.0,No
ORD-101153,2023-08-14,North,Office Supplies,Corporate,3,27.44,0.0,82.32,20.36,6.0,No
ORD-101728,2023-08-15,North,Office Supplies,Corporate,1,25.74,0.3,18.02,0.53,3.0,No
ORD-102288,2023-08-15,North,Furniture,Consumer,2,360.15,,648.27,145.79,4.0,No
ORD-100913,2023-08-15,Central,Furniture,Corporate,1,187.69,0.15,159.54,36.63,4.0,No
ORD-101792,2023-08-16,North,Electronics,Consumer,3,156.4,0.05,445.74,115.14,2.0,Yes
ORD-100909,2023-08-16,South,Clothing,Consumer,2,124.7,0.0,249.4,63.87,4.0,No
ORD-100463,2023-08-16,South,Furniture,Consumer,8,338.37,0.0,2706.96,758.88,3.0,No
ORD-100315,2023-08-16,South,Electronics,Consumer,8,199.61,0.1,1437.19,275.73,7.0,No
ORD-102144,2023-08-17,South,Furniture,Corporate,6,224.03,0.1,1209.76,300.99,6.0,No
ORD-101911,2023-08-17,North,Office Supplies,Consumer,3,28.14,0.05,80.2,17.94,5.0,No
ORD-100279,2023-08-17,West,Electronics,Consumer,7,104.92,0.1,661.0,155.39,,No
ORD-102524,2023-08-17,Central,Furniture,Consumer,3,75.27,0.05,214.52,59.92,5.0,No
ORD-100650,2023-08-17,South,Furniture,Corporate,1,196.96,0.1,177.26,53.85,5.0,Yes
ORD-100347,2023-08-17,North,Office Supplies,Corporate,7,39.63,0.1,249.67,79.98,3.0,No
ORD-101327,2023-08-17,East,Office Supplies,Consumer,7,30.23,0.1,190.45,49.16,5.0,No
ORD-101038,2023-08-18,East,Furniture,Home Office,1,93.02,0.0,93.02,32.18,7.0,No
ORD-102286,2023-08-18,Central,Office Supplies,Consumer,2,73.74,0.2,117.98,15.4,7.0,No
ORD-100127,2023-08-18,North,Electronics,Consumer,7,285.5,0.1,1798.65,286.11,8.0,No
ORD-102976,2023-08-18,East,Office Supplies,Consumer,3,34.77,0.05,99.09,26.43,3.0,No
ORD-100201,2023-08-18,Central,Clothing,Consumer,7,12.34,0.2,69.1,12.31,10.0,Yes
ORD-100839,2023-08-18,East,Furniture,Home Office,1,933.05,0.1,839.74,219.17,4.0,Yes
ORD-102523,2023-08-18,East,Office Supplies,Consumer,4,39.43,0.0,157.72,44.8,2.0,Yes
ORD-101904,2023-08-18,East,Office Supplies,Home Office,5,36.35,0.0,181.75,56.61,6.0,No
ORD-100305,2023-08-19,East,Electronics,Consumer,6,89.12,0.1,481.25,147.23,2.0,No
ORD-101971,2023-08-19,Central,Electronics,Consumer,1,153.45,0.1,138.1,25.28,7.0,No
ORD-100246,2023-08-19,East,Furniture,Home Office,4,92.16,0.0,368.64,129.18,6.0,No
ORD-101400,2023-08-20,East,Office Supplies,Corporate,2,31.49,0.2,50.38,6.0,7.0,Yes
ORD-101897,2023-08-20,South,Office Supplies,Consumer,2,25.6,0.15,43.52,8.58,3.0,No
ORD-101239,2023-08-20,North,Office Supplies,Home Office,3,50.77,0.15,129.46,16.72,1.0,No
ORD-100130,2023-08-20,North,Furniture,Consumer,6,420.56,,2523.36,852.84,1.0,No
ORD-102731,2023-08-20,South,Clothing,Corporate,3,42.97,0.1,116.02,26.83,1.0,No
ORD-102741,2023-08-21,West,Office Supplies,Corporate,1,26.86,0.2,21.49,3.17,4.0,No
ORD-102664,2023-08-21,East,Electronics,Consumer,1,368.66,0.0,368.66,138.11,2.0,No
ORD-100002,2023-08-21,West,Electronics,Corporate,5,301.63,0.15,1281.93,306.87,3.0,No
ORD-102892,2023-08-21,East,Office Supplies,Corporate,5,22.1,0.0,110.5,33.67,1.0,No
ORD-102827,2023-08-21,North,Electronics,Home Office,4,249.88,0.15,849.59,73.52,2.0,No
ORD-100853,2023-08-21,Central,Furniture,Consumer,4,273.43,,929.66,201.96,4.0,No
ORD-100073,2023-08-21,North,Office Supplies,Consumer,1,26.12,0.05,24.81,6.88,2.0,No
ORD-100700,2023-08-21,North,Clothing,Consumer,4,101.94,0.05,387.37,130.64,6.0,No
ORD-102168,2023-08-22,South,Electronics,Consumer,4,167.26,0.0,669.04,196.74,4.0,No
ORD-101455,2023-08-22,North,Furniture,Corporate,5,54.77,0.1,246.47,49.35,5.0,Yes
ORD-102403,2023-08-22,Central,Electronics,Home Office,8,279.11,0.05,2121.24,684.4,3.0,No
ORD-100586,2023-08-22,North,Furniture,Consumer,5,176.34,0.15,749.44,137.6,2.0,No
ORD-102360,2023-08-22,West,Office Supplies,Consumer,5,23.36,0.05,110.96,36.48,3.0,Yes
ORD-102881,2023-08-22,North,Electronics,Home Office,3,332.46,0.1,897.64,232.75,2.0,No
ORD-102512,2023-08-23,North,Office Supplies,Consumer,4,48.4,0.0,193.6,57.01,,No
ORD-102729,2023-08-23,Central,Furniture,Consumer,4,472.08,0.1,1699.49,455.54,5.0,No
ORD-100404,2023-08-23,Central,Clothing,Consumer,2,18.91,0.0,37.82,10.63,10.0,No
ORD-101058,2023-08-23,East,Furniture,Corporate,3,123.11,0.15,313.93,58.56,5.0,No
ORD-102460,2023-08-23,Central,Office Supplies,Home Office,4,23.97,0.1,86.29,15.44,,No
ORD-100778,2023-08-24,West,Office Supplies,Consumer,1,43.32,0.0,43.32,10.82,5.0,No
ORD-102838,2023-08-24,South,Office Supplies,Consumer,8,19.39,0.15,131.85,23.07,6.0,No
ORD-101832,2023-08-24,East,Office Supplies,Consumer,7,56.75,0.0,397.25,169.76,4.0,No
ORD-101300,2023-08-25,North,Office Supplies,Consumer,2,24.78,0.15,42.13,6.52,4.0,No
ORD-101381,2023-08-25,North,Furniture,Consumer,5,271.62,0.0,1358.1,528.22,7.0,No
ORD-102769,2023-08-25,Central,Office Supplies,Consumer,5,21.94,0.05,104.22,30.1,7.0,No
ORD-102114,2023-08-25,North,Electronics,Consumer,1,313.65,0.0,313.65,122.74,2.0,No
ORD-101925,2023-08-26,North,Furniture,Consumer,2,316.56,0.0,633.12,151.8,3.0,No
ORD-100038,2023-08-26,North,Electronics,Consumer,1,79.7,0.15,67.74,13.94,4.0,No
ORD-100492,2023-08-27,East,Clothing,Home Office,7,82.01,0.05,545.37,161.23,3.0,No
ORD-100879,2023-08-27,East,Furniture,Consumer,1,544.04,,544.04,138.11,2.0,No
ORD-102936,2023-08-27,South,Electronics,Consumer,8,133.17,0.05,1012.09,225.32,5.0,No
ORD-100465,2023-08-27,West,Office Supplies,Home Office,4,20.29,0.2,64.93,14.71,2.0,No
ORD-101143,2023-08-28,West,Furniture,Consumer,3,318.99,0.05,909.12,312.75,2.0,No
ORD-101128,2023-08-28,East,Office Supplies,Home Office,5,30.02,0.05,142.6,43.95,6.0,No
ORD-102893,2023-08-28,East,Clothing,Consumer,1,64.99,0.0,64.99,26.99,7.0,Yes
ORD-101967,2023-08-28,West,Furniture,Home Office,3,493.78,0.1,1333.21,402.91,1.0,Yes
ORD-102471,2023-08-28,Central,Electronics,Corporate,8,166.58,0.0,1332.64,527.99,8.0,No
ORD-100436,2023-08-28,North,Furniture,Consumer,6,120.98,0.05,689.59,84.38,2.0,No
ORD-101326,2023-08-28,South,Electronics,Home Office,1,249.23,0.0,249.23,94.47,3.0,No
ORD-100304,2023-08-29,West,Office Supplies,Corporate,1,26.97,0.1,24.27,6.11,4.0,No
ORD-100926,2023-08-30,North,Office Supplies,Consumer,6,20.31,0.1,109.67,21.05,3.0,No
ORD-100542,2023-08-30,West,Clothing,Home Office,5,62.24,0.1,280.08,89.11,8.0,Yes
ORD-100980,2023-08-30,Central,Electronics,Home Office,4,268.16,,1072.64,375.29,7.0,Yes
ORD-100426,2023-08-30,North,Electronics,Consumer,5,97.09,0.1,436.9,107.31,3.0,Yes
ORD-102100,2023-08-30,West,Office Supplies,Consumer,4,28.85,0.1,103.86,24.69,4.0,No
ORD-100489,2023-08-31,East,Office Supplies,Home Office,3,34.31,,82.34,15.8,1.0,No
ORD-102913,2023-08-31,West,Electronics,Consumer,1,252.06,0.0,252.06,73.86,3.0,No
ORD-102501,2023-08-31,West,Office Supplies,Corporate,1,17.91,0.15,15.22,4.44,4.0,No
ORD-101759,2023-09-01,Central,Clothing,Corporate,4,25.13,0.2,80.42,14.51,9.0,Yes
ORD-100538,2023-09-01,North,Electronics,Consumer,7,76.27,0.05,507.2,167.77,3.0,No
ORD-101866,2023-09-02,Central,Furniture,Consumer,8,279.12,0.15,1898.02,346.32,4.0,No
ORD-100090,2023-09-02,North,Clothing,Consumer,1,55.14,0.2,44.11,5.08,4.0,Yes
ORD-100231,2023-09-02,South,Electronics,Consumer,1,175.39,0.0,175.39,60.15,5.0,No
ORD-100419,2023-09-02,Central,Clothing,Corporate,1,38.47,0.2,30.78,2.67,7.0,No
ORD-100930,2023-09-02,South,Office Supplies,Consumer,2,52.73,0.2,84.37,7.11,6.0,No
ORD-101930,2023-09-02,East,Office Supplies,Consumer,7,50.44,0.1,317.77,62.96,1.0,Yes
ORD-101471,2023-09-03,North,Electronics,Corporate,8,290.1,0.0,2320.8,690.77,1.0,No
ORD-101670,2023-09-03,South,Electronics,Home Office,3,203.89,0.0,611.67,175.36,5.0,No
ORD-102241,2023-09-03,North,Furniture,Home Office,8,425.55,0.15,2893.74,763.22,3.0,No
ORD-102595,2023-09-03,Central,Office Supplies,Corporate,6,19.21,0.15,97.97,22.1,11.0,No
ORD-102886,2023-09-03,North,Electronics,Consumer,6,217.93,0.15,1111.44,218.87,3.0,No
ORD-102842,2023-09-03,South,Electronics,Consumer,5,71.7,0.05,340.58,77.33,4.0,No
ORD-102219,2023-09-03,South,Electronics,Corporate,4,188.21,0.2,602.27,136.8,6.0,No
ORD-100450,2023-09-04,North,Office Supplies,Consumer,4,30.67,0.0,122.68,37.02,,No
ORD-102048,2023-09-04,North,Electronics,Corporate,4,268.03,0.1,964.91,280.58,1.0,No
ORD-102610,2023-09-04,Central,Electronics,Consumer,7,81.74,0.05,543.57,158.12,2.0,No
ORD-102737,2023-09-04,East,Office Supplies,Consumer,1,42.73,0.05,40.59,12.76,2.0,No
ORD-100763,2023-09-05,North,Electronics,Corporate,6,164.41,0.0,986.46,414.5,3.0,No
ORD-100928,2023-09-05,East,Electronics,Consumer,5,243.38,0.0,1216.9,478.96,3.0,No
ORD-101663,2023-09-05,North,Electronics,Home Office,7,186.83,0.05,1242.42,338.88,,Yes
ORD-100773,2023-09-06,West,Clothing,Home Office,4,57.76,0.0,231.04,75.98,1.0,No
ORD-100437,2023-09-06,East,Furniture,Consumer,3,142.21,0.05,405.3,87.26,2.0,No
ORD-100060,2023-09-07,West,Office Supplies,Corporate,8,55.04,0.2,352.26,94.33,1.0,No
ORD-101497,2023-09-07,East,Office Supplies,Consumer,5,44.78,0.15,190.32,46.7,4.0,No
ORD-100402,2023-09-07,West,Office Supplies,Consumer,8,19.97,0.0,159.76,44.77,1.0,No
ORD-102066,2023-09-08,East,Office Supplies,Consumer,2,38.53,0.1,69.35,13.08,5.0,No
ORD-102055,2023-09-08,East,Electronics,Corporate,7,101.6,0.15,604.52,144.54,4.0,No
ORD-100284,2023-09-08,East,Electronics,Home Office,8,137.65,0.0,1101.2,352.14,6.0,No
ORD-101549,2023-09-08,South,Furniture,Consumer,5,80.64,0.1,362.88,60.8,3.0,No
ORD-100824,2023-09-09,West,Office Supplies,Corporate,7,56.09,0.1,353.37,96.73,4.0,No
ORD-101682,2023-09-09,West,Office Supplies,Consumer,8,53.32,0.0,426.56,150.35,3.0,No
ORD-100124,2023-09-09,North,Electronics,Consumer,1,380.88,0.05,361.84,119.63,7.0,No
ORD-101249,2023-09-10,Central,Clothing,Corporate,7,50.3,0.0,352.1,102.92,6.0,No
ORD-101191,2023-09-10,South,Office Supplies,Consumer,1,50.23,0.15,42.7,7.86,6.0,No
ORD-102057,2023-09-10,East,Office Supplies,Consumer,4,41.55,0.0,166.2,59.07,5.0,No
ORD-100096,2023-09-11,South,Electronics,Consumer,5,145.05,0.05,688.99,193.38,2.0,Yes
ORD-101871,2023-09-11,South,Electronics,Consumer,5,78.11,0.0,390.55,139.33,3.0,No
ORD-100825,2023-09-11,North,Office Supplies,Corporate,7,89.93,0.15,535.08,118.21,3.0,Yes
ORD-102923,2023-09-11,West,Furniture,Consumer,2,242.17,0.2,387.47,57.35,3.0,No
ORD-100440,2023-09-11,West,Electronics,Consumer,1,219.2,0.0,219.2,78.13,4.0,No
ORD-100264,2023-09-11,Central,Furniture,Consumer,4,263.46,0.05,1001.15,212.43,6.0,No
ORD-102054,2023-09-11,South,Clothing,Home Office,5,36.84,0.0,184.2,60.12,4.0,No
ORD-100261,2023-09-11,West,Office Supplies,Consumer,7,29.5,0.0,206.5,78.61,4.0,No
ORD-101648,2023-09-12,Central,Furniture,Consumer,7,98.09,0.0,686.63,197.89,6.0,No
ORD-100668,2023-09-12,South,Furniture,Consumer,8,165.44,0.0,1323.52,446.91,3.0,No
ORD-102033,2023-09-12,South,Office Supplies,Consumer,2,40.85,0.05,77.61,20.33,1.0,No
ORD-102021,2023-09-12,North,Clothing,Consumer,4,53.6,0.05,203.68,57.95,,Yes
ORD-102071,2023-09-12,East,Furniture,Corporate,7,277.76,0.1,1749.89,430.77,3.0,No
ORD-102762,2023-09-12,North,Office Supplies,Consumer,2,36.44,0.0,72.88,19.06,4.0,No
ORD-100887,2023-09-12,North,Clothing,Consumer,5,101.87,0.1,458.42,125.96,4.0,Yes
ORD-101010,2023-09-12,East,Electronics,Consumer,6,187.89,0.2,901.87,215.26,1.0,No
ORD-101088,2023-09-12,East,Electronics,Consumer,8,115.37,0.0,922.96,342.04,9.0,No
ORD-100290,2023-09-12,West,Furniture,Corporate,7,137.48,0.2,769.89,101.8,3.0,No
ORD-101906,2023-09-13,East,Clothing,Corporate,5,82.16,0.2,328.64,73.66,4.0,No
ORD-100701,2023-09-13,South,Electronics,Corporate,3,157.16,0.2,377.18,92.16,1.0,Yes
ORD-102361,2023-09-13,North,Electronics,Home Office,1,383.46,0.05,364.29,108.68,7.0,No
ORD-100218,2023-09-14,Central,Furniture,Consumer,2,32.59,0.0,65.18,15.7,8.0,Yes
ORD-101961,2023-09-14,South,Electronics,Consumer,7,56.6,0.0,396.2,157.21,3.0,No
ORD-101295,2023-09-14,South,Furniture,Home Office,4,61.69,0.0,246.76,78.86,4.0,No
ORD-100837,2023-09-14,Central,Electronics,Corporate,2,159.86,0.1,287.75,100.84,3.0,No
ORD-101876,2023-09-15,South,Electronics,Corporate,5,102.59,0.15,436.01,94.08,4.0,No
ORD-101242,2023-09-15,South,Office Supplies,Corporate,2,38.39,0.0,76.78,16.94,4.0,No
ORD-102411,2023-09-15,Central,Office Supplies,Consumer,5,23.58,0.0,117.9,31.79,7.0,No
ORD-102853,2023-09-16,South,Electronics,Corporate,4,32.59,0.2,104.29,27.08,2.0,Yes
ORD-100920,2023-09-16,North,Electronics,Corporate,5,84.16,0.2,336.64,110.36,1.0,No
ORD-102206,2023-09-16,West,Electronics,Consumer,5,426.53,0.0,2132.65,769.03,1.0,No
ORD-102063,2023-09-16,North,Electronics,Corporate,4,184.04,0.2,588.93,53.75,5.0,No
ORD-101872,2023-09-16,Central,Office Supplies,Consumer,2,41.04,0.05,77.98,25.67,6.0,No
ORD-101439,2023-09-16,Central,Furniture,Home Office,6,230.8,0.1,1246.32,273.45,8.0,No
ORD-101687,2023-09-16,East,Office Supplies,Corporate,2,71.42,0.0,142.84,37.73,5.0,No
ORD-100674,2023-09-16,East,Office Supplies,Corporate,8,20.71,0.15,140.83,32.99,2.0,No
ORD-102475,2023-09-16,North,Electronics,Consumer,2,334.87,0.05,636.25,164.05,5.0,No
ORD-100533,2023-09-17,East,Electronics,Consumer,5,142.44,0.0,712.2,228.24,2.0,No
ORD-100715,2023-09-17,North,Clothing,Home Office,8,112.91,0.05,858.12,128.26,,No
ORD-100689,2023-09-17,East,Furniture,Consumer,8,434.41,0.05,3301.52,845.91,3.0,No
ORD-100921,2023-09-17,West,Clothing,Corporate,5,87.75,0.2,351.0,44.36,4.0,No
ORD-102766,2023-09-17,East,Furniture,Corporate,3,562.75,0.2,1350.6,110.39,5.0,No
ORD-102955,2023-09-18,South,Office Supplies,Consumer,3,34.62,0.0,103.86,26.81,4.0,No
ORD-101444,2023-09-18,North,Electronics,Consumer,8,245.97,0.05,1869.37,573.15,6.0,Yes
ORD-100100,2023-09-18,Central,Clothing,Corporate,5,43.91,0.3,153.68,-1.66,8.0,Yes
ORD-100713,2023-09-18,Central,Office Supplies,Corporate,8,58.12,0.15,395.22,63.71,7.0,Yes
ORD-102514,2023-09-18,North,Electronics,Consumer,8,107.12,0.0,856.96,328.89,4.0,No
ORD-101599,2023-09-19,South,Furniture,Corporate,8,367.05,0.1,2642.76,567.59,4.0,No
ORD-100551,2023-09-19,North,Office Supplies,Consumer,2,44.1,0.05,83.79,15.47,1.0,No
ORD-100670,2023-09-19,North,Furniture,Consumer,5,375.83,0.05,1785.19,650.31,9.0,No
ORD-100734,2023-09-19,North,Electronics,Consumer,7,187.06,0.15,1113.01,123.92,2.0,No
ORD-102944,2023-09-20,South,Electronics,Corporate,2,325.25,0.15,552.92,135.88,4.0,No
ORD-100102,2023-09-20,South,Clothing,Home Office,3,28.44,0.0,85.32,32.78,4.0,No
ORD-100171,2023-09-20,East,Office Supplies,Consumer,7,42.51,0.15,252.93,62.57,2.0,No
ORD-102591,2023-09-20,Central,Office Supplies,Consumer,4,34.25,0.0,137.0,46.26,5.0,No
ORD-101529,2023-09-20,South,Office Supplies,Consumer,2,36.17,0.0,72.34,28.85,6.0,No
ORD-100511,2023-09-21,West,Office Supplies,Consumer,5,23.04,0.05,109.44,29.97,2.0,No
ORD-100314,2023-09-21,South,Furniture,Corporate,3,118.34,0.15,301.77,65.34,2.0,No
ORD-100659,2023-09-22,South,Electronics,Consumer,6,97.31,0.0,583.86,226.8,5.0,No
ORD-100616,2023-09-22,West,Furniture,Consumer,5,196.28,0.2,785.12,107.97,9.0,No
ORD-100155,2023-09-22,West,Furniture,Consumer,2,785.41,0.15,1335.2,181.98,1.0,No
ORD-101528,2023-09-22,North,Electronics,Consumer,6,307.0,0.0,1842.0,337.68,4.0,No
ORD-102612,2023-09-22,East,Furniture,Corporate,8,232.59,0.0,1860.72,505.1,4.0,No
ORD-102742,2023-09-22,North,Office Supplies,Consumer,3,70.39,0.05,200.61,48.4,7.0,No
ORD-101829,2023-09-22,East,Clothing,Consumer,6,72.85,0.1,393.39,85.43,1.0,No
ORD-100107,2023-09-22,South,Office Supplies,Consumer,8,51.81,0.15,352.31,69.56,2.0,No
ORD-102005,2023-09-22,Central,Furniture,Corporate,2,80.84,0.3,113.18,2.07,7.0,No
ORD-100653,2023-09-22,North,Electronics,Corporate,3,105.15,0.1,283.91,81.08,,No
ORD-102382,2023-09-23,North,Office Supplies,Consumer,7,47.07,0.0,329.49,126.0,5.0,No
ORD-100482,2023-09-23,East,Clothing,Home Office,3,41.34,,124.02,44.86,4.0,No
ORD-101406,2023-09-23,Central,Clothing,Home Office,3,74.19,0.2,178.06,25.99,5.0,Yes
ORD-102670,2023-09-23,East,Office Supplies,Consumer,5,22.53,0.15,95.75,5.27,3.0,No
ORD-100072,2023-09-23,West,Clothing,Consumer,1,47.59,0.1,42.83,8.51,2.0,No
ORD-102306,2023-09-23,East,Clothing,Corporate,7,70.44,0.3,345.16,12.24,4.0,No
ORD-102833,2023-09-24,West,Office Supplies,Corporate,2,55.24,0.15,93.91,21.04,1.0,No
ORD-101669,2023-09-24,Central,Electronics,Consumer,8,300.3,0.05,2282.28,751.74,4.0,No
ORD-102322,2023-09-24,South,Clothing,Consumer,6,34.8,0.0,208.8,70.44,1.0,No
ORD-100622,2023-09-24,Central,Office Supplies,Consumer,1,22.15,0.0,22.15,5.72,6.0,No
ORD-101501,2023-09-24,Central,Office Supplies,Corporate,3,38.88,0.0,116.64,35.79,4.0,No
ORD-100217,2023-09-24,North,Electronics,Corporate,4,149.79,0.0,599.16,181.46,5.0,No
ORD-100676,2023-09-24,Central,Furniture,Consumer,5,168.54,0.0,842.7,217.46,4.0,No
ORD-101623,2023-09-25,North,Clothing,Consumer,3,128.58,0.0,385.74,111.14,3.0,Yes
ORD-100709,2023-09-25,East,Office Supplies,Consumer,1,24.04,0.0,24.04,8.7,7.0,No
ORD-101379,2023-09-25,South,Electronics,Consumer,7,131.12,0.2,734.27,43.9,3.0,No
ORD-102037,2023-09-25,North,Electronics,Consumer,7,133.1,0.2,745.36,125.91,3.0,No
ORD-100664,2023-09-25,South,Electronics,Consumer,3,325.49,0.0,976.47,278.14,3.0,No
ORD-102556,2023-09-25,North,Furniture,Corporate,8,150.45,0.1,1083.24,263.37,3.0,Yes
ORD-102543,2023-09-25,North,Office Supplies,Home Office,1,41.95,0.0,41.95,14.48,6.0,No
ORD-102500,2023-09-25,North,Electronics,Consumer,7,604.5,0.15,3596.78,723.59,3.0,No
ORD-100675,2023-09-26,South,Clothing,Consumer,6,132.38,0.0,794.28,214.57,6.0,No
ORD-102972,2023-09-26,North,Office Supplies,Home Office,2,33.2,0.05,63.08,21.0,3.0,No
ORD-102143,2023-09-27,West,Clothing,Consumer,2,27.67,0.05,52.57,14.61,8.0,No
ORD-102837,2023-09-27,South,Office Supplies,Corporate,8,28.15,0.2,180.16,26.29,4.0,No
ORD-101959,2023-09-27,East,Office Supplies,Home Office,2,47.65,0.2,76.24,12.8,,No
ORD-102007,2023-09-27,North,Office Supplies,Corporate,1,28.49,0.15,24.22,5.42,4.0,No
ORD-102925,2023-09-28,East,Electronics,Consumer,8,140.39,0.0,1123.12,339.45,1.0,No
ORD-100342,2023-09-28,West,Electronics,Home Office,1,134.32,0.1,120.89,19.11,7.0,No
ORD-101720,2023-09-28,North,Furniture,Consumer,4,193.22,0.0,772.88,274.99,4.0,Yes
ORD-100768,2023-09-28,North,Office Supplies,Corporate,8,34.98,0.1,251.86,52.03,7.0,No
ORD-102300,2023-09-28,Central,Office Supplies,Corporate,8,23.76,0.3,133.06,8.35,6.0,No
ORD-101110,2023-09-28,North,Furniture,Home Office,4,112.07,0.05,425.87,85.49,1.0,No
ORD-101095,2023-09-28,South,Furniture,Consumer,3,70.72,0.0,212.16,74.76,4.0,No
ORD-100916,2023-09-29,North,Office Supplies,Consumer,6,47.62,0.0,285.72,102.8,5.0,Yes
ORD-102377,2023-09-29,East,Office Supplies,Home Office,8,40.73,0.05,309.55,131.06,4.0,No
ORD-100069,2023-09-29,South,Furniture,Consumer,6,92.35,0.05,526.39,144.23,2.0,No
ORD-101423,2023-09-29,South,Electronics,Consumer,5,193.38,0.0,966.9,209.81,4.0,No
ORD-102726,2023-09-30,West,Office Supplies,Home Office,5,23.58,0.05,112.0,33.16,4.0,No
ORD-100724,2023-09-30,North,Clothing,Consumer,1,56.38,0.15,47.92,8.7,12.0,Yes
ORD-100955,2023-09-30,Central,Office Supplies,Consumer,1,40.16,0.15,34.14,3.94,5.0,No
ORD-102415,2023-09-30,North,Office Supplies,Home Office,3,46.69,0.0,140.07,56.47,6.0,No
ORD-102818,2023-10-01,South,Furniture,Corporate,4,316.45,0.15,1075.93,309.66,4.0,No
ORD-101715,2023-10-01,West,Electronics,Consumer,1,257.4,0.05,244.53,76.66,4.0,No
ORD-100496,2023-10-01,South,Office Supplies,Consumer,5,30.26,0.0,151.3,52.13,,No
ORD-101224,2023-10-02,North,Electronics,Corporate,8,135.75,0.15,923.1,229.57,2.0,No
ORD-100408,2023-10-03,North,Office Supplies,Corporate,4,98.19,0.3,274.93,22.24,5.0,Yes
ORD-101392,2023-10-03,North,Office Supplies,Consumer,6,63.36,0.15,323.14,66.74,3.0,No
ORD-101084,2023-10-04,Central,Office Supplies,Corporate,7,38.96,0.0,272.72,81.25,5.0,No
ORD-102203,2023-10-04,North,Office Supplies,Corporate,7,49.72,0.15,295.83,63.15,3.0,No
ORD-100780,2023-10-04,North,Electronics,Consumer,7,352.78,0.05,2345.99,600.54,3.0,No
ORD-102790,2023-10-04,West,Clothing,Home Office,7,36.47,0.2,204.23,26.55,4.0,No
ORD-102397,2023-10-06,North,Furniture,Corporate,7,190.86,0.0,1336.02,520.77,5.0,No
ORD-102113,2023-10-06,East,Clothing,Corporate,6,63.0,0.0,378.0,118.44,1.0,No
ORD-100812,2023-10-07,Central,Office Supplies,Consumer,2,39.12,0.1,70.42,15.91,6.0,No
ORD-101082,2023-10-07,Central,Office Supplies,Corporate,8,36.75,0.15,249.9,50.76,6.0,Yes
ORD-100766,2023-10-07,North,Office Supplies,Home Office,6,31.44,0.05,179.21,62.88,7.0,No
ORD-100703,2023-10-07,Central,Office Supplies,Consumer,4,29.25,0.0,117.0,40.07,5.0,No
ORD-100599,2023-10-07,East,Furniture,Consumer,8,240.45,0.1,1731.24,467.32,2.0,No
ORD-102263,2023-10-07,North,Clothing,Home Office,5,124.2,0.0,621.0,227.66,4.0,No
ORD-100294,2023-10-07,West,Office Supplies,Consumer,3,28.7,0.05,81.79,21.69,,Yes
ORD-100927,2023-10-08,West,Clothing,Home Office,3,55.01,0.0,165.03,51.02,3.0,No
ORD-100392,2023-10-08,East,Clothing,Consumer,6,106.45,0.15,542.9,83.62,5.0,No
ORD-100645,2023-10-08,West,Office Supplies,Consumer,1,24.57,0.0,24.57,9.91,4.0,No
ORD-102856,2023-10-08,West,Office Supplies,Home Office,8,33.96,0.05,258.1,69.27,4.0,No
ORD-101155,2023-10-09,North,Electronics,Corporate,2,201.42,0.15,342.41,100.07,3.0,No
ORD-102662,2023-10-09,South,Office Supplies,Home Office,1,22.42,,19.06,4.55,9.0,No
ORD-100497,2023-10-10,East,Office Supplies,Consumer,7,24.29,0.0,170.03,58.98,3.0,No
ORD-102105,2023-10-10,West,Office Supplies,Consumer,8,52.04,0.05,395.5,75.89,5.0,No
ORD-102368,2023-10-10,South,Clothing,Consumer,1,159.51,0.2,127.61,17.93,6.0,No
ORD-102188,2023-10-10,South,Clothing,Corporate,1,18.7,0.1,16.83,5.47,3.0,Yes
ORD-101230,2023-10-10,North,Clothing,Consumer,6,62.66,0.1,338.36,94.12,2.0,No
ORD-102341,2023-10-10,North,Electronics,Corporate,3,91.23,0.1,246.32,71.35,6.0,Yes
ORD-101805,2023-10-11,West,Office Supplies,Corporate,7,24.45,0.3,119.8,3.56,1.0,No
ORD-101637,2023-10-11,Central,Office Supplies,Home Office,4,29.31,0.0,117.24,44.02,10.0,No
ORD-101123,2023-10-12,North,Furniture,Home Office,8,386.24,0.05,2935.42,841.99,4.0,No
ORD-102162,2023-10-12,South,Electronics,Consumer,4,302.15,0.15,1027.31,222.54,6.0,No
ORD-102844,2023-10-13,North,Office Supplies,Corporate,8,65.76,0.15,447.17,120.78,2.0,No
ORD-101747,2023-10-13,East,Office Supplies,Corporate,5,34.48,0.15,146.54,20.44,5.0,No
ORD-102327,2023-10-13,North,Clothing,Corporate,6,34.9,0.0,209.4,59.71,4.0,No
ORD-101462,2023-10-13,North,Furniture,Consumer,5,1033.08,0.15,4390.59,968.05,1.0,No
ORD-101096,2023-10-14,North,Office Supplies,Consumer,5,32.85,0.05,156.04,51.04,2.0,No
ORD-102038,2023-10-14,East,Clothing,Consumer,5,123.11,0.15,523.22,110.04,3.0,Yes
ORD-101193,2023-10-14,Central,Clothing,Consumer,6,48.01,0.0,288.06,99.87,5.0,No
ORD-102967,2023-10-14,South,Furniture,Consumer,8,91.4,0.0,731.2,232.69,2.0,No
ORD-101398,2023-10-15,East,Electronics,Home Office,5,181.0,0.0,905.0,364.83,5.0,Yes
ORD-102484,2023-10-15,West,Clothing,Corporate,5,54.22,0.3,189.77,21.41,1.0,No
ORD-101121,2023-10-16,North,Office Supplies,Consumer,6,31.24,0.2,149.95,41.01,6.0,Yes
ORD-101321,2023-10-17,East,Office Supplies,Consumer,1,23.88,0.2,19.1,2.93,8.0,No
ORD-100506,2023-10-17,South,Office Supplies,Home Office,7,30.76,0.1,193.79,50.84,3.0,No
ORD-100753,2023-10-17,East,Office Supplies,Home Office,5,28.53,0.0,142.65,44.95,1.0,No
ORD-101902,2023-10-17,West,Electronics,Home Office,7,256.51,0.05,1705.79,506.87,6.0,No
ORD-102334,2023-10-17,South,Furniture,Consumer,3,219.21,0.1,591.87,115.17,7.0,No
ORD-100197,2023-10-17,Central,Electronics,Consumer,5,41.96,0.05,199.31,54.97,5.0,No
ORD-101027,2023-10-18,South,Office Supplies,Consumer,6,30.65,0.0,183.9,75.12,,No
ORD-100428,2023-10-18,North,Clothing,Consumer,2,76.31,0.05,144.99,41.92,8.0,No
ORD-100268,2023-10-18,North,Clothing,Consumer,2,66.7,0.15,113.39,24.32,9.0,Yes
ORD-100610,2023-10-18,East,Office Supplies,Corporate,2,26.19,0.2,41.9,2.25,,No
ORD-100210,2023-10-18,West,Furniture,Consumer,4,247.67,0.15,842.08,175.16,4.0,No
ORD-102329,2023-10-19,East,Furniture,Consumer,2,298.79,0.1,537.82,135.48,3.0,No
ORD-101372,2023-10-19,South,Office Supplies,Corporate,8,30.15,0.0,241.2,84.45,2.0,No
ORD-102309,2023-10-19,Central,Furniture,Home Office,3,553.48,0.0,1660.44,608.09,4.0,No
ORD-101934,2023-10-20,West,Office Supplies,Corporate,7,24.29,0.2,136.02,23.61,2.0,No
ORD-102425,2023-10-20,West,Office Supplies,Corporate,2,18.19,0.3,25.47,2.39,7.0,Yes
ORD-102511,2023-10-20,South,Office Supplies,Corporate,8,52.9,0.15,359.72,64.75,4.0,No
ORD-100585,2023-10-20,East,Clothing,Consumer,5,76.84,0.05,364.99,109.98,3.0,No
ORD-100625,2023-10-21,South,Office Supplies,Home Office,3,20.63,0.05,58.8,18.89,3.0,No
ORD-101977,2023-10-21,Central,Electronics,Home Office,5,238.84,0.0,1194.2,309.36,6.0,No
ORD-100487,2023-10-21,North,Office Supplies,Corporate,6,28.08,0.0,168.48,46.93,1.0,No
ORD-100648,2023-10-21,West,Electronics,Home Office,2,298.33,0.05,566.83,185.12,4.0,No
ORD-101403,2023-10-21,South,Electronics,Consumer,6,202.86,0.15,1034.59,213.28,2.0,No
ORD-102315,2023-10-21,South,Furniture,Corporate,2,375.46,0.3,525.64,41.01,3.0,No
ORD-100604,2023-10-21,Central,Clothing,Corporate,4,31.18,0.15,106.01,29.42,2.0,No
ORD-102282,2023-10-21,South,Clothing,Consumer,6,45.2,0.1,244.08,57.49,4.0,No
ORD-102395,2023-10-22,Central,Furniture,Corporate,4,179.79,0.15,611.29,123.23,6.0,No
ORD-101488,2023-10-22,Central,Furniture,Consumer,5,24.85,0.1,111.82,32.18,7.0,No
ORD-101771,2023-10-22,West,Furniture,Consumer,3,467.03,0.0,1401.09,483.33,7.0,No
ORD-102981,2023-10-22,South,Office Supplies,Corporate,1,46.97,0.2,37.58,7.94,1.0,No
ORD-100276,2023-10-22,South,Office Supplies,Consumer,4,44.23,0.0,176.92,63.56,7.0,No
ORD-100966,2023-10-22,Central,Office Supplies,Corporate,4,20.31,0.3,56.87,-0.44,8.0,Yes
ORD-102301,2023-10-22,West,Office Supplies,Consumer,6,28.94,0.1,156.28,35.6,,No
ORD-100908,2023-10-22,North,Office Supplies,Home Office,1,40.3,0.05,38.28,12.06,2.0,No
ORD-101991,2023-10-23,West,Clothing,Home Office,7,73.98,0.0,517.86,188.74,4.0,No
ORD-101463,2023-10-23,South,Clothing,Home Office,1,87.49,0.05,83.12,23.63,1.0,No
ORD-101602,2023-10-24,West,Clothing,Consumer,6,76.06,0.15,387.91,73.52,2.0,No
ORD-100111,2023-10-24,North,Electronics,Consumer,3,91.72,0.0,275.16,107.33,5.0,Yes
ORD-101436,2023-10-24,North,Clothing,Consumer,1,71.76,0.05,68.17,18.96,4.0,No
ORD-102868,2023-10-24,Central,Electronics,Consumer,2,159.0,0.0,318.0,89.89,6.0,No
ORD-102633,2023-10-25,East,Electronics,Corporate,7,89.7,0.15,533.71,91.05,6.0,Yes
ORD-101844,2023-10-25,North,Furniture,Consumer,2,286.49,0.05,544.33,172.54,4.0,No
ORD-101970,2023-10-26,South,Office Supplies,Corporate,7,38.43,0.15,228.66,19.86,,No
ORD-100840,2023-10-26,North,Office Supplies,Corporate,8,55.35,0.0,442.8,141.81,4.0,No
ORD-100027,2023-10-26,North,Clothing,Consumer,8,37.83,0.15,257.24,56.26,2.0,No
ORD-102034,2023-10-26,North,Office Supplies,Consumer,7,50.86,0.0,356.02,156.93,3.0,No
ORD-101695,2023-10-27,East,Office Supplies,Corporate,3,73.37,0.1,198.1,54.07,1.0,No
ORD-100015,2023-10-27,North,Office Supplies,Consumer,2,80.36,0.1,144.65,34.65,4.0,No
ORD-100083,2023-10-27,North,Office Supplies,Consumer,6,51.46,0.0,308.76,95.52,6.0,No
ORD-102229,2023-10-27,East,Electronics,Corporate,3,360.05,0.2,864.12,117.23,6.0,No
ORD-101576,2023-10-27,West,Clothing,Home Office,2,58.87,0.15,100.08,19.81,7.0,No
ORD-101984,2023-10-28,East,Furniture,Corporate,5,282.65,0.15,1201.26,240.32,2.0,No
ORD-100747,2023-10-28,South,Clothing,Corporate,4,72.84,,247.66,64.91,4.0,No
ORD-100076,2023-10-28,South,Furniture,Corporate,1,561.68,0.2,449.34,68.33,6.0,No
ORD-100720,2023-10-28,East,Office Supplies,Consumer,1,41.63,0.0,41.63,15.66,2.0,No
ORD-102433,2023-10-29,South,Furniture,Corporate,8,53.31,0.0,426.48,84.56,3.0,No
ORD-100886,2023-10-29,South,Clothing,Consumer,4,65.29,0.05,248.1,78.94,5.0,No
ORD-101716,2023-10-30,South,Furniture,Corporate,5,240.57,0.0,1202.85,393.39,3.0,No
ORD-102989,2023-10-30,East,Office Supplies,Consumer,6,61.19,0.0,367.14,114.97,6.0,No
ORD-100317,2023-10-30,West,Electronics,Corporate,5,81.47,0.15,346.25,33.25,5.0,Yes
ORD-100175,2023-10-30,North,Electronics,Home Office,1,369.0,0.0,369.0,126.98,1.0,No
ORD-102542,2023-10-30,South,Office Supplies,Consumer,2,43.97,0.05,83.54,26.05,3.0,Yes
ORD-100129,2023-10-30,East,Clothing,Consumer,5,36.44,0.0,182.2,68.41,1.0,No
ORD-102535,2023-10-30,East,Office Supplies,Consumer,6,48.67,0.1,262.82,61.44,4.0,Yes
ORD-101644,2023-10-31,North,Electronics,Corporate,1,78.02,,66.32,17.52,1.0,No
ORD-100281,2023-10-31,North,Electronics,Consumer,1,49.41,,49.41,15.53,4.0,No
ORD-102906,2023-10-31,Central,Office Supplies,Consumer,8,36.59,0.05,278.08,46.01,2.0,No
ORD-100894,2023-11-01,West,Clothing,Consumer,4,39.49,0.05,150.06,35.55,2.0,No
ORD-102858,2023-11-01,West,Office Supplies,Consumer,8,19.04,0.2,121.86,18.04,2.0,Yes
ORD-102534,2023-11-01,Central,Clothing,Corporate,1,53.11,0.1,47.8,14.82,5.0,Yes
ORD-101031,2023-11-02,West,Furniture,Consumer,1,91.37,0.0,91.37,31.13,4.0,No
ORD-101402,2023-11-02,Central,Electronics,Consumer,2,114.76,0.15,195.09,47.1,4.0,Yes
ORD-100353,2023-11-03,East,Furniture,Consumer,6,326.25,0.1,1761.75,391.05,3.0,No
ORD-101601,2023-11-03,North,Clothing,Home Office,1,64.15,0.15,54.53,13.07,7.0,No
ORD-101625,2023-11-03,West,Office Supplies,Consumer,7,17.38,0.0,121.66,39.85,2.0,No
ORD-100244,2023-11-04,East,Electronics,Consumer,6,287.75,0.05,1640.18,509.33,1.0,No
ORD-102001,2023-11-04,East,Office Supplies,Home Office,2,18.5,0.0,37.0,12.34,4.0,No
ORD-101530,2023-11-04,South,Office Supplies,Consumer,4,30.37,0.05,115.41,38.11,4.0,No
ORD-102065,2023-11-04,Central,Office Supplies,Consumer,6,37.0,0.1,199.8,64.8,5.0,No
ORD-100383,2023-11-04,East,Office Supplies,Corporate,4,30.0,0.3,84.0,9.29,3.0,No
ORD-102452,2023-11-05,East,Office Supplies,Consumer,3,37.68,0.05,107.39,35.71,5.0,No
ORD-102160,2023-11-05,East,Clothing,Consumer,3,96.16,0.0,288.48,81.61,1.0,Yes
ORD-101879,2023-11-05,East,Furniture,Home Office,4,545.8,0.0,2183.2,772.82,3.0,No
ORD-101154,2023-11-05,East,Office Supplies,Corporate,1,41.16,0.2,32.93,4.64,8.0,No
ORD-102271,2023-11-06,East,Clothing,Consumer,4,61.06,0.0,244.24,91.91,5.0,Yes
ORD-101499,2023-11-06,West,Office Supplies,Consumer,2,28.74,0.1,51.73,10.81,7.0,No
ORD-100035,2023-11-07,North,Office Supplies,Home Office,1,26.22,0.2,20.98,4.71,6.0,No
ORD-101139,2023-11-07,West,Office Supplies,Consumer,5,35.37,0.2,141.48,25.87,2.0,No
ORD-100360,2023-11-08,Central,Furniture,Consumer,7,205.32,0.0,1437.24,388.58,6.0,No
ORD-102387,2023-11-08,North,Electronics,Corporate,2,300.38,0.1,540.68,101.9,1.0,No
ORD-101614,2023-11-09,West,Furniture,Consumer,5,173.3,0.0,866.5,308.6,4.0,No
ORD-100620,2023-11-09,West,Office Supplies,Corporate,1,22.19,0.2,17.75,2.25,6.0,No
ORD-101050,2023-11-09,West,Clothing,Home Office,7,51.22,0.0,358.54,83.2,4.0,No
ORD-100339,2023-11-10,Central,Office Supplies,Corporate,6,40.99,0.15,209.05,34.45,3.0,No
ORD-102573,2023-11-10,West,Clothing,Consumer,1,60.46,0.1,54.41,12.8,3.0,No
ORD-101077,2023-11-10,East,Office Supplies,Home Office,7,61.25,0.05,407.31,143.69,4.0,No
ORD-100131,2023-11-11,Central,Clothing,Corporate,4,65.22,0.0,260.88,92.36,6.0,No
ORD-102946,2023-11-11,South,Electronics,Consumer,6,238.7,,1432.2,384.85,4.0,No
ORD-100606,2023-11-11,Central,Electronics,Home Office,6,591.43,0.1,3193.72,801.21,,No
ORD-102646,2023-11-11,West,Office Supplies,Corporate,1,41.16,0.1,37.04,8.95,7.0,No
ORD-101814,2023-11-12,West,Furniture,Corporate,2,215.03,0.15,365.55,59.34,,Yes
ORD-100609,2023-11-12,East,Electronics,Consumer,2,187.19,0.1,336.94,90.27,3.0,No
ORD-101799,2023-11-12,East,Office Supplies,Consumer,1,37.65,0.1,33.88,7.23,3.0,No
ORD-102312,2023-11-12,South,Furniture,Consumer,7,136.55,0.05,908.06,265.99,,No
ORD-101426,2023-11-13,North,Electronics,Home Office,8,214.78,0.05,1632.33,391.86,2.0,Yes
ORD-101595,2023-11-13,West,Clothing,Home Office,2,41.12,0.2,65.79,10.5,4.0,Yes
ORD-102555,2023-11-13,West,Clothing,Consumer,5,67.62,0.0,338.1,91.09,5.0,No
ORD-100520,2023-11-14,West,Office Supplies,Home Office,3,34.62,0.15,88.28,20.58,5.0,No
ORD-102097,2023-11-15,East,Office Supplies,Corporate,6,18.54,0.1,100.12,25.11,2.0,No
ORD-101515,2023-11-15,South,Furniture,Consumer,6,368.38,0.0,2210.28,853.14,3.0,No
ORD-100662,2023-11-16,North,Clothing,Consumer,3,200.43,0.1,541.16,133.57,3.0,Yes
ORD-102209,2023-11-16,North,Electronics,Home Office,1,307.57,0.05,292.19,105.72,7.0,No
ORD-101996,2023-11-16,South,Electronics,Consumer,2,127.1,0.0,254.2,70.73,1.0,No
ORD-101628,2023-11-16,North,Electronics,Consumer,1,58.71,0.0,58.71,19.34,1.0,No
ORD-102908,2023-11-17,Central,Furniture,Consumer,7,224.02,0.05,1489.73,374.11,8.0,No
ORD-100630,2023-11-17,Central,Electronics,Corporate,3,91.38,0.3,191.9,19.31,8.0,Yes
ORD-101828,2023-11-17,Central,Office Supplies,Corporate,3,51.99,0.1,140.37,32.46,8.0,No
ORD-102740,2023-11-17,North,Office Supplies,Consumer,2,48.08,0.1,86.54,16.08,3.0,No
ORD-101496,2023-11-18,West,Office Supplies,Consumer,8,56.15,0.05,426.74,133.05,4.0,No
ORD-101216,2023-11-18,South,Office Supplies,Corporate,5,55.39,0.2,221.56,18.68,4.0,No
ORD-100784,2023-11-18,Central,Office Supplies,Corporate,7,41.04,0.2,229.82,34.16,4.0,No
ORD-100559,2023-11-18,East,Office Supplies,Consumer,7,28.78,0.15,171.24,35.0,5.0,No
ORD-100864,2023-11-18,North,Clothing,Corporate,4,218.29,,698.53,116.59,8.0,No
ORD-102601,2023-11-18,West,Electronics,Consumer,5,80.62,0.0,403.1,117.91,6.0,No
ORD-100108,2023-11-18,North,Electronics,Consumer,2,199.88,0.0,399.76,105.84,7.0,No
ORD-102260,2023-11-19,West,Office Supplies,Consumer,2,19.17,0.1,34.51,5.28,2.0,No
ORD-100334,2023-11-19,North,Furniture,Corporate,8,137.73,0.3,771.29,-53.13,5.0,No
ORD-102809,2023-11-19,North,Office Supplies,Home Office,5,40.36,0.0,201.8,63.47,,No
ORD-101825,2023-11-19,North,Furniture,Consumer,5,455.53,0.05,2163.77,602.3,4.0,No
ORD-102962,2023-11-19,North,Office Supplies,Corporate,1,44.44,0.2,35.55,5.63,1.0,Yes
ORD-102815,2023-11-19,East,Office Supplies,Consumer,7,20.95,0.05,139.32,45.44,7.0,No
ORD-100628,2023-11-20,East,Office Supplies,Consumer,5,48.83,0.15,207.53,34.98,5.0,No
ORD-102792,2023-11-21,West,Electronics,Consumer,1,69.76,0.0,69.76,20.45,4.0,No
ORD-101666,2023-11-21,West,Clothing,Corporate,7,91.47,0.15,544.25,89.03,6.0,No
ORD-102580,2023-11-21,North,Office Supplies,Corporate,7,31.73,0.0,222.11,79.67,2.0,No
ORD-101519,2023-11-21,North,Electronics,Consumer,3,277.09,0.1,748.14,160.55,6.0,No
ORD-100536,2023-11-21,East,Electronics,Consumer,1,278.75,0.0,278.75,95.4,2.0,No
ORD-101552,2023-11-21,South,Electronics,Consumer,4,380.23,0.0,1520.92,549.97,3.0,No
ORD-101588,2023-11-22,South,Office Supplies,Corporate,6,44.35,0.0,266.1,74.3,5.0,No
ORD-100378,2023-11-22,South,Office Supplies,Consumer,6,48.45,0.0,290.7,80.53,7.0,No
ORD-101492,2023-11-22,East,Clothing,Corporate,7,46.94,0.0,328.58,117.81,3.0,No
ORD-101040,2023-11-22,North,Furniture,Corporate,8,222.11,0.1,1599.19,352.39,8.0,No
ORD-100503,2023-11-22,East,Office Supplies,Home Office,1,19.11,0.0,19.11,6.79,3.0,No
ORD-100030,2023-11-22,West,Office Supplies,Consumer,2,45.32,0.0,90.64,23.24,2.0,No
ORD-101946,2023-11-23,North,Office Supplies,Home Office,4,43.85,0.2,140.32,33.07,1.0,No
ORD-101318,2023-11-23,West,Clothing,Consumer,3,47.6,0.0,142.8,45.28,4.0,Yes
ORD-102869,2023-11-23,North,Electronics,Corporate,6,204.13,0.1,1102.3,308.35,6.0,No
ORD-101553,2023-11-23,South,Office Supplies,Consumer,7,17.57,0.05,116.84,41.95,3.0,Yes
ORD-101037,2023-11-23,South,Clothing,Corporate,7,49.6,0.2,277.76,36.02,1.0,Yes
ORD-101631,2023-11-24,Central,Furniture,Corporate,3,123.04,0.15,313.75,41.64,,No
ORD-101689,2023-11-24,South,Office Supplies,Consumer,8,45.35,0.1,326.52,108.83,5.0,No
ORD-102345,2023-11-24,North,Electronics,Consumer,2,530.7,0.0,1061.4,312.4,4.0,No
ORD-101060,2023-11-24,Central,Clothing,Consumer,8,57.14,0.1,411.41,148.22,5.0,No
ORD-102307,2023-11-24,South,Furniture,Corporate,5,475.04,0.15,2018.92,301.66,2.0,No
ORD-100507,2023-11-25,West,Clothing,Consumer,4,97.32,0.1,350.35,104.69,3.0,No
ORD-102784,2023-11-25,North,Electronics,Corporate,6,181.7,0.1,981.18,171.71,6.0,No
ORD-102352,2023-11-25,North,Office Supplies,Corporate,1,49.04,0.15,41.68,6.19,7.0,Yes
ORD-101194,2023-11-25,Central,Electronics,Corporate,2,243.42,0.2,389.47,53.21,7.0,No
ORD-102240,2023-11-26,South,Electronics,Consumer,2,95.42,0.1,171.76,44.98,4.0,No
ORD-102280,2023-11-26,South,Clothing,Consumer,7,62.76,0.05,417.35,116.26,3.0,No
ORD-100393,2023-11-26,West,Electronics,Consumer,2,409.83,0.05,778.68,160.5,3.0,Yes
ORD-102004,2023-11-26,North,Electronics,Corporate,8,591.55,0.1,4259.16,946.8,1.0,No
ORD-102099,2023-11-27,North,Clothing,Home Office,2,141.81,0.15,241.08,57.85,6.0,No
ORD-101856,2023-11-27,North,Office Supplies,Consumer,6,46.92,0.15,239.29,56.68,4.0,No
ORD-100959,2023-11-28,East,Furniture,Home Office,5,344.1,0.1,1548.45,281.82,3.0,No
ORD-100979,2023-11-28,North,Office Supplies,Corporate,3,19.44,0.1,52.49,13.59,5.0,No
ORD-100341,2023-11-28,Central,Clothing,Home Office,2,31.95,0.05,60.7,20.75,6.0,No
ORD-102379,2023-11-28,West,Clothing,Consumer,3,49.39,0.15,125.94,20.58,1.0,Yes
ORD-100911,2023-11-29,Central,Office Supplies,Corporate,6,49.16,0.2,235.97,67.03,3.0,Yes
ORD-101788,2023-11-29,West,Electronics,Corporate,6,158.53,0.1,856.06,253.53,3.0,No
ORD-102455,2023-11-29,East,Office Supplies,Consumer,5,15.51,0.0,77.55,21.69,2.0,No
ORD-102885,2023-11-29,North,Electronics,Consumer,5,206.69,0.0,1033.45,327.21,,No
ORD-101662,2023-11-29,West,Office Supplies,Corporate,4,37.44,0.15,127.3,19.43,8.0,No
ORD-102481,2023-11-30,North,Electronics,Consumer,6,347.83,0.05,1982.63,479.34,5.0,No
ORD-101546,2023-12-01,North,Clothing,Corporate,5,49.69,0.3,173.92,9.9,10.0,No
ORD-102256,2023-12-01,Central,Office Supplies,Corporate,3,27.95,0.2,67.08,12.09,3.0,No
ORD-102677,2023-12-02,West,Office Supplies,Corporate,2,14.82,0.1,26.68,5.5,5.0,Yes
ORD-100545,2023-12-03,East,Office Supplies,Home Office,8,16.94,0.0,135.52,45.55,1.0,No
ORD-102003,2023-12-03,East,Electronics,Consumer,5,195.79,0.05,930.0,269.18,8.0,Yes
ORD-100148,2023-12-03,South,Clothing,Home Office,5,103.67,0.0,518.35,115.94,2.0,No
ORD-102109,2023-12-04,North,Clothing,Corporate,2,48.08,0.15,81.74,18.71,3.0,No
ORD-102091,2023-12-05,West,Office Supplies,Consumer,5,62.61,0.05,297.4,76.91,8.0,No
ORD-101052,2023-12-06,South,Office Supplies,Consumer,7,15.47,0.1,97.46,23.72,5.0,No
ORD-102582,2023-12-06,North,Furniture,Corporate,1,112.89,0.15,95.96,18.91,5.0,No
ORD-102750,2023-12-06,North,Electronics,Corporate,1,579.53,0.15,492.6,102.38,1.0,No
ORD-101558,2023-12-06,East,Electronics,Home Office,6,500.48,0.05,2852.74,788.17,6.0,No
ORD-101830,2023-12-06,East,Office Supplies,Home Office,2,29.13,0.05,55.35,14.45,4.0,No
ORD-100424,2023-12-07,East,Electronics,Consumer,5,86.93,0.0,434.65,101.09,4.0,No
ORD-101289,2023-12-07,East,Office Supplies,Consumer,3,38.79,0.15,98.91,22.69,3.0,No
ORD-101721,2023-12-07,North,Office Supplies,Home Office,5,50.33,0.15,213.9,47.92,1.0,No
ORD-101255,2023-12-08,West,Electronics,Consumer,7,70.4,0.0,492.8,157.91,6.0,No
ORD-101913,2023-12-08,East,Clothing,Home Office,4,103.58,0.1,372.89,84.93,1.0,No
ORD-102922,2023-12-08,North,Office Supplies,Consumer,3,104.71,0.0,314.13,111.31,4.0,No
ORD-100133,2023-12-08,South,Electronics,Consumer,7,188.06,0.0,1316.42,383.61,3.0,No
ORD-100086,2023-12-09,West,Electronics,Consumer,8,199.56,0.0,1596.48,558.44,3.0,No
ORD-100067,2023-12-09,South,Electronics,Consumer,5,266.01,0.0,1330.05,241.41,1.0,No
ORD-100399,2023-12-09,East,Office Supplies,Corporate,7,52.18,0.2,292.21,33.75,3.0,No
ORD-100997,2023-12-10,North,Office Supplies,Consumer,4,44.69,0.0,178.76,83.74,1.0,No
ORD-102749,2023-12-10,North,Clothing,Corporate,3,148.97,0.2,357.53,29.54,6.0,Yes
ORD-102919,2023-12-10,West,Furniture,Corporate,7,178.2,0.15,1060.29,216.24,4.0,No
ORD-101754,2023-12-10,South,Clothing,Consumer,2,47.42,0.05,90.1,14.01,3.0,No
ORD-100224,2023-12-11,South,Electronics,Consumer,1,357.95,0.05,340.05,89.1,1.0,No
ORD-102620,2023-12-11,Central,Furniture,Home Office,3,59.17,0.05,168.63,62.05,8.0,No
ORD-102230,2023-12-11,South,Clothing,Consumer,6,92.12,0.0,552.72,194.7,2.0,Yes
ORD-102926,2023-12-11,West,Clothing,Corporate,1,41.56,0.2,33.25,3.02,2.0,Yes
ORD-102396,2023-12-11,North,Furniture,Corporate,8,416.67,0.1,3000.02,943.28,4.0,No
ORD-101254,2023-12-12,North,Clothing,Corporate,8,59.24,0.2,379.14,44.96,4.0,Yes
ORD-100182,2023-12-12,East,Office Supplies,Corporate,8,35.73,0.0,285.84,107.09,8.0,No
ORD-101548,2023-12-12,South,Office Supplies,Consumer,4,29.8,0.1,107.28,15.61,3.0,No
ORD-102773,2023-12-12,North,Office Supplies,Corporate,7,25.76,0.15,153.27,30.01,2.0,Yes
ORD-100587,2023-12-12,South,Office Supplies,Home Office,8,28.73,0.2,183.87,19.86,2.0,Yes
ORD-102412,2023-12-12,South,Furniture,Corporate,7,104.14,0.0,728.98,265.6,5.0,No
ORD-100965,2023-12-12,East,Electronics,Corporate,5,481.26,0.1,2165.67,631.13,4.0,No
ORD-100200,2023-12-12,West,Office Supplies,Consumer,7,45.11,0.15,268.4,36.25,5.0,No
ORD-101681,2023-12-13,West,Electronics,Corporate,3,230.16,0.2,552.38,80.76,3.0,No
ORD-100694,2023-12-13,Central,Office Supplies,Consumer,8,23.68,0.05,179.97,43.49,2.0,No
ORD-100961,2023-12-13,South,Electronics,Consumer,4,365.26,0.0,1461.04,487.0,5.0,Yes
ORD-100095,2023-12-13,East,Electronics,Consumer,1,507.12,0.1,456.41,119.49,1.0,No
ORD-101214,2023-12-14,South,Office Supplies,Corporate,7,42.91,0.1,270.33,56.76,4.0,No
ORD-102096,2023-12-14,North,Office Supplies,Consumer,8,33.3,0.15,226.44,50.82,3.0,No
ORD-102789,2023-12-15,South,Office Supplies,Corporate,1,30.75,0.1,27.68,5.4,6.0,No
ORD-100699,2023-12-16,South,Furniture,Corporate,3,93.2,0.3,195.72,14.69,5.0,No
ORD-102839,2023-12-16,North,Electronics,Corporate,2,76.08,0.0,152.16,52.07,5.0,No
ORD-101547,2023-12-16,West,Electronics,Consumer,2,216.54,0.0,433.08,155.28,6.0,No
ORD-100215,2023-12-16,West,Office Supplies,Consumer,3,100.05,0.0,300.15,105.31,2.0,No
ORD-101713,2023-12-16,Central,Clothing,Consumer,1,41.77,0.1,37.59,7.59,4.0,No
ORD-101734,2023-12-16,Central,Clothing,Home Office,4,60.36,0.1,217.3,45.89,4.0,No
ORD-101466,2023-12-16,South,Electronics,Consumer,5,144.68,0.05,687.23,133.39,3.0,No
ORD-102888,2023-12-16,North,Clothing,Corporate,2,46.35,0.1,83.43,13.21,5.0,No
ORD-101293,2023-12-17,South,Office Supplies,Consumer,6,32.46,0.15,165.55,39.16,4.0,No
ORD-101064,2023-12-17,South,Electronics,Consumer,7,208.26,0.1,1312.04,352.32,5.0,No
ORD-102538,2023-12-18,North,Furniture,Consumer,7,299.97,0.0,2099.79,723.32,,No
ORD-102235,2023-12-18,Central,Office Supplies,Consumer,1,23.33,0.1,21.0,6.73,6.0,No
ORD-102236,2023-12-18,North,Electronics,Home Office,6,464.78,0.0,2788.68,839.7,5.0,No
ORD-102705,2023-12-18,East,Furniture,Consumer,5,516.38,0.0,2581.9,938.83,1.0,No
ORD-100714,2023-12-18,West,Clothing,Corporate,3,57.3,0.0,171.9,65.72,6.0,No
ORD-101419,2023-12-18,Central,Office Supplies,Consumer,1,26.23,0.0,26.23,9.74,10.0,No
ORD-100368,2023-12-18,South,Electronics,Corporate,4,112.36,0.2,359.55,38.9,3.0,No
ORD-101555,2023-12-18,West,Office Supplies,Home Office,1,25.39,0.0,25.39,9.18,2.0,No
ORD-102956,2023-12-18,North,Office Supplies,Corporate,3,22.27,0.0,66.81,17.59,9.0,No
ORD-101603,2023-12-19,West,Office Supplies,Corporate,1,25.39,0.0,25.39,8.28,3.0,No
ORD-102776,2023-12-19,East,Office Supplies,Consumer,1,39.63,0.0,39.63,12.89,4.0,No
ORD-100711,2023-12-19,West,Office Supplies,Home Office,6,24.84,0.2,119.23,26.53,5.0,No
ORD-101744,2023-12-19,West,Electronics,Corporate,1,186.1,0.15,158.18,29.58,4.0,No
ORD-102272,2023-12-19,West,Clothing,Home Office,5,262.03,0.0,1310.15,539.44,5.0,No
ORD-102031,2023-12-19,East,Clothing,Consumer,3,170.99,0.0,512.97,117.32,4.0,No
ORD-101390,2023-12-19,Central,Electronics,Consumer,1,109.39,0.15,92.98,18.55,,Yes
ORD-101000,2023-12-19,North,Office Supplies,Corporate,6,49.29,0.1,266.17,69.08,1.0,No
ORD-100614,2023-12-20,South,Office Supplies,Home Office,3,18.1,0.05,51.58,11.98,2.0,No
ORD-102289,2023-12-20,South,Office Supplies,Consumer,2,47.57,0.1,85.63,21.4,4.0,No
ORD-100191,2023-12-21,North,Electronics,Consumer,4,236.33,0.0,945.32,348.74,2.0,No
ORD-100949,2023-12-21,South,Furniture,Home Office,7,416.19,0.05,2767.66,731.68,3.0,No
ORD-102614,2023-12-21,South,Office Supplies,Consumer,2,37.05,0.1,66.69,14.61,7.0,No
ORD-100733,2023-12-22,South,Office Supplies,Corporate,1,39.77,0.3,27.84,1.51,3.0,No
ORD-102478,2023-12-23,South,Office Supplies,Consumer,7,12.36,0.05,82.19,12.73,5.0,No
ORD-100203,2023-12-23,North,Office Supplies,Consumer,3,73.05,0.05,208.19,50.63,1.0,No
ORD-101016,2023-12-24,West,Electronics,Consumer,1,139.94,0.0,139.94,34.56,3.0,No
ORD-101815,2023-12-24,East,Electronics,Consumer,2,304.04,0.2,486.46,36.59,4.0,No
ORD-101656,2023-12-24,North,Clothing,Corporate,4,63.9,0.2,204.48,39.31,4.0,Yes
ORD-102013,2023-12-24,East,Office Supplies,Consumer,7,29.34,0.05,195.11,44.52,1.0,No
ORD-100801,2023-12-24,South,Electronics,Corporate,2,107.42,0.3,150.39,9.31,6.0,Yes
ORD-100577,2023-12-24,East,Electronics,Corporate,8,394.18,0.15,2680.42,346.61,1.0,Yes
ORD-101673,2023-12-24,North,Furniture,Consumer,6,392.34,0.0,2354.04,700.8,8.0,No
ORD-100613,2023-12-25,Central,Clothing,Consumer,7,66.57,0.05,442.69,111.11,7.0,No
ORD-101852,2023-12-25,East,Clothing,Corporate,2,41.22,0.0,82.44,20.55,6.0,Yes
ORD-102550,2023-12-25,East,Furniture,Corporate,6,136.15,0.3,571.83,3.76,3.0,No
ORD-102702,2023-12-26,South,Electronics,Consumer,1,174.16,0.0,174.16,46.77,6.0,No
ORD-102848,2023-12-26,West,Electronics,Corporate,6,256.15,0.0,1536.9,487.47,3.0,No
ORD-102855,2023-12-26,Central,Clothing,Consumer,1,61.2,0.1,55.08,14.43,9.0,No
ORD-100312,2023-12-26,North,Office Supplies,Home Office,6,30.47,0.0,182.82,63.73,1.0,No
ORD-101597,2023-12-27,North,Electronics,Corporate,2,221.71,0.0,443.42,132.76,1.0,No
ORD-100026,2023-12-27,East,Electronics,Consumer,7,180.03,0.0,1260.21,465.9,4.0,No
ORD-101493,2023-12-27,West,Electronics,Consumer,7,137.55,0.1,866.57,181.15,4.0,No
ORD-101997,2023-12-28,South,Office Supplies,Consumer,6,64.31,0.1,347.27,53.99,7.0,No
ORD-101652,2023-12-28,North,Electronics,Corporate,1,82.23,0.15,69.9,9.68,5.0,No
ORD-101840,2023-12-28,North,Clothing,Home Office,6,89.84,0.05,512.09,98.24,3.0,No
ORD-100033,2023-12-28,South,Electronics,Consumer,2,149.89,0.05,284.79,84.55,7.0,No
ORD-100370,2023-12-29,West,Clothing,Home Office,7,39.91,0.05,265.4,87.46,4.0,No
ORD-100758,2023-12-29,North,Clothing,Consumer,4,47.03,0.0,188.12,63.1,8.0,No
ORD-100270,2023-12-29,North,Clothing,Consumer,1,110.6,0.0,110.6,44.91,,No
ORD-102159,2023-12-30,North,Furniture,Consumer,6,298.21,0.15,1520.87,235.15,2.0,No
ORD-102867,2023-12-30,East,Office Supplies,Consumer,2,39.84,0.0,79.68,27.82,4.0,No
ORD-101003,2023-12-30,North,Electronics,Corporate,6,79.5,0.15,405.45,125.99,5.0,Yes
ORD-102942,2023-12-31,West,Electronics,Consumer,4,124.76,0.15,424.18,118.03,2.0,No
ORD-102682,2023-12-31,North,Electronics,Corporate,2,183.41,0.0,366.82,122.35,5.0,Yes
ORD-101915,2024-01-01,North,Clothing,Home Office,2,54.13,0.15,92.02,26.62,3.0,No
ORD-100338,2024-01-01,North,Furniture,Consumer,4,429.56,0.1,1546.42,347.18,5.0,No
ORD-102251,2024-01-01,West,Electronics,Consumer,7,205.17,0.15,1220.76,186.44,4.0,No
ORD-100019,2024-01-01,East,Electronics,Home Office,8,247.0,0.15,1679.6,298.49,1.0,No
ORD-102841,2024-01-01,South,Furniture,Consumer,7,164.57,0.05,1094.39,337.89,6.0,No
ORD-102830,2024-01-02,North,Office Supplies,Consumer,2,42.67,0.15,72.54,14.8,3.0,Yes
ORD-102990,2024-01-02,West,Electronics,Home Office,3,359.52,0.1,970.7,230.65,1.0,No
ORD-101735,2024-01-02,West,Office Supplies,Consumer,7,43.93,0.05,292.13,87.04,3.0,No
ORD-101102,2024-01-02,West,Office Supplies,Corporate,4,26.17,,88.98,21.16,2.0,No
ORD-101860,2024-01-02,East,Office Supplies,Corporate,1,14.52,0.15,12.34,1.14,4.0,No
ORD-101504,2024-01-02,West,Electronics,Corporate,6,190.28,0.15,970.43,162.0,5.0,No
ORD-100799,2024-01-02,West,Electronics,Consumer,6,228.66,0.05,1303.36,419.11,1.0,No
ORD-102712,2024-01-03,North,Clothing,Corporate,2,67.42,0.15,114.61,23.99,4.0,No
ORD-100413,2024-01-03,Central,Electronics,Home Office,6,388.28,0.05,2213.2,690.4,6.0,No
ORD-101641,2024-01-03,North,Electronics,Home Office,7,212.49,0.0,1487.43,466.07,6.0,No
ORD-102882,2024-01-03,East,Office Supplies,Corporate,3,75.82,,193.34,50.0,6.0,No
ORD-102661,2024-01-03,South,Electronics,Consumer,4,98.53,0.05,374.41,124.23,5.0,No
ORD-101690,2024-01-03,West,Office Supplies,Consumer,1,37.53,0.1,33.78,8.4,7.0,No
ORD-102615,2024-01-03,East,Electronics,Corporate,7,181.23,0.15,1078.32,213.74,3.0,No
ORD-102594,2024-01-04,South,Office Supplies,Consumer,1,17.77,0.05,16.88,5.12,5.0,No
ORD-102939,2024-01-05,North,Clothing,Home Office,1,150.88,0.0,150.88,48.97,4.0,No
ORD-102401,2024-01-05,West,Electronics,Consumer,5,123.98,0.0,619.9,232.4,1.0,No
ORD-101810,2024-01-06,North,Office Supplies,Consumer,7,63.92,0.0,447.44,149.72,4.0,No
ORD-100208,2024-01-07,North,Electronics,Consumer,8,468.23,0.0,3745.84,889.96,3.0,No
ORD-100011,2024-01-07,Central,Clothing,Corporate,4,72.18,0.15,245.41,55.91,6.0,No
ORD-100079,2024-01-07,West,Electronics,Home Office,4,130.32,0.0,521.28,202.56,,No
ORD-100756,2024-01-07,South,Electronics,Corporate,8,278.53,0.0,2228.24,929.13,3.0,No
ORD-101726,2024-01-08,South,Clothing,Consumer,2,54.68,0.0,109.36,30.66,4.0,No
ORD-102754,2024-01-08,Central,Electronics,Consumer,2,195.61,,391.22,95.25,8.0,No
ORD-101441,2024-01-08,North,Furniture,Corporate,2,299.37,0.2,478.99,77.77,2.0,Yes
ORD-102642,2024-01-08,East,Office Supplies,Consumer,5,31.16,0.05,148.01,38.98,4.0,No
ORD-100621,2024-01-08,East,Electronics,Consumer,4,237.28,0.0,949.12,344.84,2.0,No
ORD-101272,2024-01-09,South,Clothing,Consumer,4,17.48,0.05,66.42,23.73,6.0,Yes
ORD-101532,2024-01-09,East,Office Supplies,Consumer,6,51.25,0.0,307.5,91.47,4.0,No
ORD-102495,2024-01-09,East,Electronics,Corporate,7,102.22,0.0,715.54,271.14,5.0,No
ORD-102125,2024-01-09,South,Electronics,Consumer,5,81.46,0.0,407.3,101.52,4.0,No
ORD-101373,2024-01-09,West,Electronics,Home Office,3,66.31,0.1,179.04,29.99,5.0,No
ORD-102636,2024-01-10,East,Electronics,Consumer,3,116.41,0.1,314.31,77.87,2.0,No
ORD-101283,2024-01-11,East,Electronics,Consumer,6,72.14,0.1,389.56,132.45,4.0,Yes
ORD-102666,2024-01-11,Central,Electronics,Consumer,4,102.06,0.0,408.24,148.17,3.0,No
ORD-100297,2024-01-11,West,Office Supplies,Corporate,6,26.54,0.0,159.24,66.87,1.0,No
ORD-101750,2024-01-12,East,Electronics,Home Office,4,216.22,0.05,821.64,192.43,7.0,No
ORD-100688,2024-01-12,West,Office Supplies,Corporate,8,94.08,0.2,602.11,60.34,2.0,Yes
ORD-102786,2024-01-12,West,Clothing,Corporate,3,76.46,0.1,206.44,54.9,,No
ORD-101206,2024-01-12,East,Electronics,Corporate,8,182.55,0.1,1314.36,419.23,4.0,No
ORD-101162,2024-01-12,West,Clothing,Corporate,3,85.74,0.2,205.78,5.68,4.0,No
ORD-101781,2024-01-13,West,Clothing,Consumer,5,40.16,0.05,190.76,51.61,7.0,No
ORD-100271,2024-01-13,North,Office Supplies,Consumer,4,68.85,0.0,275.4,70.2,2.0,No
ORD-102131,2024-01-13,West,Electronics,Home Office,1,200.99,0.15,170.84,22.31,2.0,No
ORD-101703,2024-01-13,East,Furniture,Corporate,2,221.32,0.15,376.24,113.92,3.0,No
ORD-102298,2024-01-14,North,Electronics,Consumer,6,415.73,0.0,2494.38,828.81,2.0,No
ORD-102968,2024-01-15,East,Office Supplies,Home Office,7,34.22,0.05,227.56,61.73,3.0,No
ORD-100351,2024-01-15,North,Electronics,Home Office,5,360.95,0.1,1624.28,430.97,4.0,No
ORD-102370,2024-01-15,East,Electronics,Consumer,3,176.11,0.0,528.33,206.19,2.0,No
ORD-102134,2024-01-15,East,Clothing,Consumer,1,153.06,0.05,145.41,44.06,6.0,No
ORD-102386,2024-01-15,Central,Electronics,Home Office,6,148.33,0.0,889.98,236.69,8.0,Yes
ORD-102780,2024-01-15,North,Clothing,Corporate,2,69.33,0.15,117.86,29.63,3.0,Yes
ORD-101172,2024-01-15,North,Clothing,Corporate,1,98.17,0.15,83.44,12.13,2.0,No
ORD-102695,2024-01-16,North,Furniture,Consumer,2,108.15,0.2,173.04,25.08,2.0,No
ORD-101982,2024-01-16,West,Furniture,Home Office,3,656.33,0.1,1772.09,424.86,,No
ORD-101391,2024-01-16,West,Office Supplies,Consumer,1,32.25,0.0,32.25,6.43,4.0,No
ORD-102764,2024-01-17,North,Office Supplies,Consumer,3,31.85,,95.55,25.84,5.0,Yes
ORD-101845,2024-01-17,East,Furniture,Consumer,2,149.91,0.0,299.82,105.4,2.0,No
ORD-102181,2024-01-18,Central,Furniture,Corporate,2,36.91,0.15,62.75,14.53,7.0,No
ORD-100394,2024-01-18,North,Office Supplies,Corporate,3,30.31,0.3,63.65,4.89,2.0,No
ORD-100493,2024-01-18,South,Office Supplies,Consumer,5,15.13,0.15,64.3,6.19,2.0,No
ORD-102954,2024-01-19,East,Furniture,Consumer,1,70.42,0.1,63.38,16.02,3.0,No
ORD-101012,2024-01-19,East,Clothing,Consumer,2,76.44,0.0,152.88,53.85,7.0,No
ORD-100783,2024-01-19,East,Electronics,Consumer,2,145.51,0.05,276.47,84.12,3.0,No
ORD-101066,2024-01-19,South,Furniture,Corporate,1,66.35,0.15,56.4,7.23,2.0,No
ORD-101619,2024-01-19,North,Office Supplies,Home Office,1,46.6,0.15,39.61,10.9,3.0,No
ORD-101269,2024-01-20,East,Office Supplies,Consumer,7,42.99,0.0,300.93,76.05,1.0,No
ORD-101958,2024-01-20,West,Furniture,Consumer,1,80.68,0.0,80.68,25.13,,No
ORD-100523,2024-01-21,East,Furniture,Consumer,6,212.92,0.15,1085.89,242.39,1.0,No
ORD-102152,2024-01-21,West,Office Supplies,Corporate,2,30.61,0.2,48.98,3.33,5.0,No
ORD-100385,2024-01-22,Central,Office Supplies,Home Office,2,30.74,,61.48,23.81,7.0,No
ORD-100889,2024-01-23,West,Electronics,Corporate,6,367.02,0.15,1871.8,355.72,5.0,Yes
ORD-101787,2024-01-23,West,Office Supplies,Home Office,4,41.41,0.0,165.64,57.84,2.0,No
ORD-102489,2024-01-23,East,Office Supplies,Corporate,3,62.7,0.15,159.89,42.99,4.0,Yes
ORD-100286,2024-01-23,North,Office Supplies,Consumer,4,26.88,0.1,96.77,25.61,4.0,No
ORD-100282,2024-01-23,North,Electronics,Consumer,1,278.4,0.05,264.48,60.34,,No
ORD-100454,2024-01-24,North,Clothing,Corporate,4,69.98,0.1,251.93,59.94,1.0,No
ORD-102358,2024-01-24,Central,Furniture,Home Office,2,71.77,0.0,143.54,44.28,6.0,No
ORD-101201,2024-01-24,East,Clothing,Consumer,8,25.14,0.05,191.06,50.62,,No
ORD-102979,2024-01-24,Central,Office Supplies,Corporate,1,27.0,0.1,24.3,8.65,4.0,No
ORD-102023,2024-01-25,North,Office Supplies,Consumer,3,97.94,0.0,293.82,90.35,1.0,No
ORD-100844,2024-01-25,North,Clothing,Corporate,8,92.26,0.15,627.37,73.07,2.0,Yes
ORD-102509,2024-01-25,East,Office Supplies,Home Office,5,57.81,0.05,274.6,70.65,,No
ORD-101100,2024-01-26,North,Furniture,Consumer,7,285.83,0.05,1900.77,505.27,5.0,No
ORD-101447,2024-01-26,East,Office Supplies,Consumer,2,59.56,0.05,113.16,27.28,1.0,No
ORD-100004,2024-01-26,North,Electronics,Consumer,7,232.72,0.0,1629.04,311.0,7.0,No
ORD-101793,2024-01-26,West,Clothing,Consumer,2,124.07,0.0,248.14,82.29,2.0,No
ORD-102082,2024-01-27,West,Furniture,Consumer,8,198.12,0.0,1584.96,504.25,4.0,No
ORD-102948,2024-01-27,Central,Furniture,Consumer,6,638.42,0.05,3638.99,806.44,7.0,No
ORD-102316,2024-01-27,North,Electronics,Home Office,1,299.22,0.0,299.22,105.3,7.0,No
ORD-100519,2024-01-27,West,Office Supplies,Consumer,3,19.94,0.0,59.82,21.87,,No
ORD-100494,2024-01-27,West,Electronics,Home Office,1,375.72,0.0,375.72,87.05,3.0,No
ORD-100075,2024-01-27,South,Clothing,Corporate,3,52.16,0.15,133.01,18.97,2.0,Yes
ORD-100165,2024-01-27,South,Office Supplies,Corporate,5,15.78,0.15,67.06,11.0,3.0,No
ORD-101146,2024-01-28,West,Electronics,Consumer,4,168.51,0.05,640.34,182.74,1.0,No
ORD-102369,2024-01-28,East,Furniture,Consumer,1,483.94,0.0,483.94,119.05,2.0,No
ORD-100575,2024-01-28,East,Furniture,Corporate,8,82.23,0.1,592.06,166.51,3.0,No
ORD-101106,2024-01-28,North,Office Supplies,Corporate,3,39.27,0.2,94.25,4.67,4.0,No
ORD-102933,2024-01-29,Central,Electronics,Home Office,8,83.72,0.15,569.3,127.25,6.0,No
ORD-101779,2024-01-29,East,Office Supplies,Corporate,2,48.06,0.0,96.12,34.66,4.0,No
ORD-100397,2024-01-29,South,Electronics,Consumer,2,112.44,0.0,224.88,81.19,2.0,No
ORD-102244,2024-01-30,South,Office Supplies,Home Office,1,22.89,0.15,19.46,4.22,3.0,No
ORD-101399,2024-01-30,South,Office Supplies,Corporate,5,30.69,0.2,122.76,16.16,3.0,Yes
ORD-102560,2024-01-30,East,Clothing,Consumer,8,54.57,0.15,371.08,50.06,3.0,No
ORD-101892,2024-01-31,East,Furniture,Consumer,5,253.16,0.05,1202.51,337.49,3.0,No
ORD-100427,2024-01-31,West,Clothing,Consumer,6,109.71,0.0,658.26,214.78,3.0,Yes
ORD-102630,2024-01-31,North,Furniture,Consumer,5,417.32,0.05,1982.27,708.65,4.0,No
ORD-100382,2024-01-31,West,Clothing,Corporate,6,63.77,0.2,306.1,33.87,8.0,No
ORD-102851,2024-02-01,South,Clothing,Consumer,3,139.01,0.15,354.48,33.13,3.0,Yes
ORD-102212,2024-02-01,Central,Clothing,Corporate,8,54.96,0.1,395.71,85.65,6.0,No
ORD-102211,2024-02-02,East,Electronics,Home Office,5,133.5,0.0,667.5,199.72,,No
ORD-100043,2024-02-02,South,Furniture,Home Office,3,575.18,0.0,1725.54,676.66,9.0,No
ORD-100407,2024-02-02,West,Electronics,Consumer,6,425.86,0.15,2171.89,478.94,2.0,No
ORD-101975,2024-02-02,North,Furniture,Home Office,4,201.51,0.0,806.04,282.63,7.0,No
ORD-102864,2024-02-02,South,Office Supplies,Consumer,8,22.74,0.1,163.73,46.13,4.0,No
ORD-102290,2024-02-02,Central,Furniture,Corporate,8,265.94,0.2,1702.02,272.48,5.0,No
ORD-102146,2024-02-02,North,Clothing,Consumer,7,60.22,0.0,421.54,143.07,3.0,No
ORD-102826,2024-02-03,East,Office Supplies,Corporate,7,56.9,0.15,338.56,62.96,4.0,No
ORD-101981,2024-02-03,South,Electronics,Home Office,8,231.31,0.0,1850.48,657.96,1.0,No
ORD-101213,2024-02-03,South,Electronics,Corporate,6,135.4,0.0,812.4,234.42,5.0,No
ORD-100267,2024-02-03,North,Office Supplies,Corporate,5,30.77,0.15,130.77,38.31,4.0,No
ORD-101282,2024-02-04,South,Office Supplies,Consumer,7,35.55,0.0,248.85,95.84,5.0,No
ORD-100925,2024-02-04,North,Office Supplies,Consumer,4,57.78,0.15,196.45,43.13,1.0,No
ORD-102238,2024-02-04,South,Furniture,Corporate,7,566.97,0.0,3968.79,1312.69,4.0,Yes
ORD-100796,2024-02-04,North,Office Supplies,Corporate,7,63.41,0.3,310.71,13.44,4.0,No
ORD-101028,2024-02-04,West,Office Supplies,Corporate,1,30.12,0.2,24.1,2.19,2.0,No
ORD-102745,2024-02-05,West,Electronics,Consumer,7,486.73,0.05,3236.75,882.25,3.0,No
ORD-102350,2024-02-05,North,Clothing,Home Office,2,58.91,0.0,117.82,40.03,4.0,Yes
ORD-100219,2024-02-05,South,Furniture,Consumer,3,64.95,0.05,185.11,53.36,3.0,Yes
ORD-101086,2024-02-05,West,Office Supplies,Corporate,7,22.14,0.1,139.48,29.94,3.0,No
ORD-101800,2024-02-05,East,Furniture,Consumer,3,73.07,0.0,219.21,70.55,5.0,Yes
ORD-101775,2024-02-05,East,Electronics,Consumer,8,138.95,0.05,1056.02,266.94,6.0,No
ORD-102398,2024-02-05,North,Office Supplies,Home Office,6,30.33,0.0,181.98,61.27,5.0,No
ORD-100289,2024-02-05,North,Furniture,Home Office,1,175.59,0.1,158.03,27.52,3.0,No
ORD-100274,2024-02-05,West,Office Supplies,Consumer,4,25.75,0.0,103.0,32.22,5.0,No
ORD-101007,2024-02-06,South,Electronics,Consumer,5,160.15,0.05,760.71,227.48,7.0,Yes
ORD-100468,2024-02-06,North,Furniture,Home Office,2,91.64,0.1,164.95,41.29,4.0,No
ORD-102050,2024-02-06,Central,Electronics,Consumer,2,111.9,0.1,201.42,38.52,8.0,Yes
ORD-101323,2024-02-07,West,Electronics,Home Office,2,116.06,0.0,232.12,63.95,3.0,No
ORD-100466,2024-02-07,East,Office Supplies,Consumer,6,35.83,0.0,214.98,75.2,2.0,No
ORD-100308,2024-02-08,South,Office Supplies,Consumer,5,25.76,0.05,122.36,40.0,3.0,No
ORD-101196,2024-02-08,North,Electronics,Consumer,3,328.86,0.05,937.25,225.18,2.0,No
ORD-100147,2024-02-08,East,Office Supplies,Consumer,4,63.1,0.05,239.78,65.69,9.0,Yes
ORD-101458,2024-02-08,Central,Electronics,Consumer,3,67.73,0.1,182.87,28.91,4.0,No
ORD-100813,2024-02-08,East,Electronics,Consumer,5,200.59,0.0,1002.95,225.31,7.0,No
ORD-100877,2024-02-08,South,Clothing,Consumer,6,85.04,0.05,484.73,143.4,2.0,No
ORD-100649,2024-02-08,North,Clothing,Consumer,4,78.83,0.1,283.79,44.17,3.0,No
ORD-102193,2024-02-08,North,Office Supplies,Home Office,3,28.08,0.05,80.03,24.12,5.0,No
ORD-101113,2024-02-09,Central,Office Supplies,Corporate,3,32.35,0.1,87.35,25.78,8.0,No
ORD-102693,2024-02-09,Central,Clothing,Consumer,4,32.31,0.0,129.24,33.41,5.0,No
ORD-101605,2024-02-09,South,Furniture,Home Office,7,148.08,0.0,1036.56,221.35,8.0,No
ORD-100371,2024-02-10,South,Electronics,Consumer,6,291.5,0.0,1749.0,569.17,7.0,No
ORD-102467,2024-02-11,East,Electronics,Consumer,5,158.71,0.05,753.87,172.3,3.0,No
ORD-100247,2024-02-11,South,Clothing,Home Office,2,104.76,0.15,178.09,42.61,3.0,Yes
ORD-100390,2024-02-11,East,Electronics,Consumer,2,75.53,0.1,135.95,34.94,7.0,No
ORD-101448,2024-02-11,East,Office Supplies,Consumer,3,45.43,0.05,129.48,30.98,2.0,No
ORD-102017,2024-02-11,North,Office Supplies,Corporate,8,35.77,0.0,286.16,76.44,5.0,No
ORD-100915,2024-02-11,Central,Furniture,Home Office,6,230.53,0.05,1314.02,284.01,6.0,No
ORD-102434,2024-02-12,West,Office Supplies,Corporate,8,79.96,0.3,447.78,10.83,,No
ORD-101580,2024-02-12,Central,Office Supplies,Consumer,8,32.86,0.0,262.88,76.61,9.0,No
ORD-100946,2024-02-12,West,Electronics,Corporate,3,817.57,0.0,2452.71,908.98,3.0,No
ORD-102335,2024-02-12,West,Office Supplies,Corporate,2,39.31,0.15,66.83,14.65,6.0,No
ORD-100174,2024-02-13,North,Office Supplies,Consumer,5,87.8,0.05,417.05,126.16,4.0,Yes
ORD-100504,2024-02-13,East,Office Supplies,Corporate,7,23.48,0.1,147.92,40.33,3.0,No
ORD-100471,2024-02-13,East,Furniture,Corporate,3,259.47,0.2,622.73,75.66,1.0,No
ORD-100377,2024-02-14,South,Clothing,Home Office,7,43.79,0.0,306.53,111.94,10.0,No
ORD-100661,2024-02-14,Central,Clothing,Home Office,7,41.57,0.15,247.34,35.72,7.0,Yes
ORD-101702,2024-02-14,South,Furniture,Corporate,5,93.95,0.15,399.29,70.71,4.0,No
ORD-100243,2024-02-14,East,Furniture,Corporate,1,574.5,0.15,488.32,59.34,2.0,No
ORD-102051,2024-02-15,North,Furniture,Corporate,1,240.31,,216.28,47.38,3.0,No
ORD-101045,2024-02-16,South,Electronics,Home Office,3,73.3,0.15,186.91,28.89,4.0,No
ORD-100838,2024-02-16,South,Office Supplies,Home Office,4,49.82,0.1,179.35,41.16,4.0,No
ORD-102930,2024-02-16,East,Clothing,Corporate,2,34.38,0.0,68.76,22.16,3.0,No
ORD-102544,2024-02-17,East,Office Supplies,Consumer,7,33.73,0.0,236.11,67.53,6.0,No
ORD-102454,2024-02-17,East,Clothing,Consumer,7,50.03,0.05,332.7,72.38,2.0,Yes
ORD-101739,2024-02-17,West,Office Supplies,Consumer,6,22.52,0.0,135.12,58.55,3.0,No
ORD-101489,2024-02-17,East,Office Supplies,Consumer,3,55.81,0.1,150.69,25.3,3.0,No
ORD-100634,2024-02-18,North,Office Supplies,Corporate,6,25.88,0.0,155.28,43.98,1.0,Yes
ORD-101221,2024-02-18,North,Electronics,Consumer,3,190.98,0.0,572.94,119.39,5.0,No
ORD-102704,2024-02-18,West,Office Supplies,Consumer,2,46.51,0.0,93.02,30.63,8.0,Yes
ORD-102795,2024-02-18,East,Office Supplies,Corporate,2,47.46,0.1,85.43,19.58,3.0,No
ORD-100988,2024-02-19,South,Clothing,Consumer,5,23.24,0.05,110.39,31.69,4.0,No
ORD-102861,2024-02-19,East,Electronics,Consumer,3,251.66,0.05,717.23,180.05,3.0,No
ORD-100962,2024-02-19,North,Office Supplies,Corporate,8,55.16,0.1,397.15,83.79,5.0,Yes
ORD-100525,2024-02-19,South,Furniture,Home Office,3,240.5,0.0,721.5,207.23,6.0,No
ORD-100160,2024-02-19,North,Clothing,Corporate,4,135.51,0.1,487.84,110.99,4.0,Yes
ORD-101443,2024-02-20,North,Clothing,Consumer,4,117.48,0.0,469.92,127.05,1.0,Yes
ORD-100891,2024-02-20,Central,Office Supplies,Consumer,5,27.0,0.2,108.0,12.22,12.0,No
ORD-101218,2024-02-20,West,Clothing,Consumer,6,24.74,0.0,148.44,55.07,4.0,No
ORD-101939,2024-02-21,North,Electronics,Corporate,8,114.11,0.0,912.88,267.5,6.0,No
ORD-102832,2024-02-21,East,Furniture,Consumer,8,100.09,0.05,760.68,221.77,6.0,No
ORD-100619,2024-02-22,North,Clothing,Consumer,7,32.95,0.05,219.12,48.02,2.0,No
ORD-102253,2024-02-22,East,Clothing,Home Office,7,70.97,0.0,496.79,173.64,2.0,No
ORD-101212,2024-02-23,East,Furniture,Corporate,1,89.91,0.2,71.93,8.81,2.0,No
ORD-101006,2024-02-23,Central,Office Supplies,Corporate,6,35.31,0.0,211.86,65.64,6.0,No
ORD-102548,2024-02-23,South,Office Supplies,Corporate,8,28.33,0.2,181.31,35.31,5.0,No
ORD-101678,2024-02-24,Central,Electronics,Home Office,3,136.36,0.0,409.08,122.37,8.0,No
ORD-101374,2024-02-24,Central,Office Supplies,Corporate,5,38.99,0.1,175.46,59.54,7.0,No
ORD-101668,2024-02-24,North,Clothing,Corporate,1,118.83,0.1,106.95,20.43,2.0,No
ORD-100960,2024-02-26,East,Furniture,Consumer,1,209.93,0.1,188.94,46.5,3.0,No
ORD-102103,2024-02-26,Central,Office Supplies,Corporate,4,68.0,0.0,272.0,95.2,7.0,No
ORD-100549,2024-02-26,South,Clothing,Consumer,4,61.49,0.0,245.96,95.29,4.0,No
ORD-102605,2024-02-26,North,Office Supplies,Consumer,6,42.87,0.1,231.5,63.12,6.0,No
ORD-101136,2024-02-26,East,Office Supplies,Consumer,1,31.89,0.0,31.89,8.6,4.0,No
ORD-102602,2024-02-26,East,Clothing,Consumer,6,46.48,0.0,278.88,78.3,1.0,No
ORD-102355,2024-02-28,West,Clothing,Corporate,8,39.44,0.2,252.42,25.25,1.0,No
ORD-102111,2024-02-28,East,Office Supplies,Consumer,5,52.42,0.0,262.1,74.31,4.0,No
ORD-102072,2024-02-28,South,Office Supplies,Consumer,4,23.43,0.0,93.72,25.05,5.0,No
ORD-100708,2024-02-28,South,Furniture,Corporate,7,447.07,0.1,2816.54,518.01,3.0,No
ORD-102374,2024-02-28,South,Office Supplies,Corporate,2,16.68,0.1,30.02,8.52,2.0,No
ORD-102530,2024-02-29,East,Furniture,Corporate,8,71.44,0.15,485.79,110.25,1.0,No
ORD-101676,2024-02-29,West,Electronics,Consumer,5,253.63,0.05,1204.74,367.19,,Yes
ORD-102735,2024-03-01,East,Clothing,Consumer,3,108.26,0.0,324.78,113.26,6.0,No
ORD-102802,2024-03-01,North,Office Supplies,Consumer,6,50.95,0.1,275.13,70.89,2.0,No
ORD-100435,2024-03-01,North,Office Supplies,Consumer,8,30.34,0.1,218.45,50.04,2.0,No
ORD-100941,2024-03-01,West,Electronics,Consumer,5,181.27,0.05,861.03,274.23,1.0,No
ORD-102348,2024-03-01,North,Office Supplies,Consumer,6,96.91,0.05,552.39,127.75,2.0,No
ORD-100893,2024-03-01,North,Office Supplies,Consumer,3,65.28,0.05,186.05,68.05,5.0,No
ORD-102083,2024-03-01,North,Electronics,Corporate,1,336.91,0.0,336.91,115.41,3.0,No
ORD-102419,2024-03-02,Central,Furniture,Consumer,3,379.85,0.05,1082.57,268.56,5.0,No
ORD-101309,2024-03-02,Central,Office Supplies,Consumer,1,22.34,0.05,21.22,3.9,9.0,No
ORD-101632,2024-03-02,East,Furniture,Home Office,4,115.89,0.0,463.56,166.26,3.0,No
ORD-102437,2024-03-03,West,Electronics,Corporate,8,154.37,0.15,1049.72,161.21,7.0,No
ORD-102157,2024-03-04,South,Office Supplies,Consumer,2,30.05,0.05,57.1,15.82,1.0,No
ORD-102197,2024-03-04,East,Furniture,Consumer,2,251.53,0.1,452.75,130.52,5.0,No
ORD-101831,2024-03-05,Central,Furniture,Corporate,8,175.75,0.0,1406.0,532.82,11.0,No
ORD-100480,2024-03-05,South,Furniture,Corporate,7,200.58,0.2,1123.25,300.07,5.0,Yes
ORD-101237,2024-03-06,South,Clothing,Corporate,6,23.83,0.15,121.53,20.33,3.0,Yes
ORD-102643,2024-03-06,Central,Furniture,Consumer,7,429.36,0.05,2855.24,722.2,4.0,No
ORD-101778,2024-03-06,South,Electronics,Consumer,2,83.27,0.0,166.54,56.55,3.0,No
ORD-101478,2024-03-06,East,Clothing,Consumer,5,46.48,0.05,220.78,57.73,5.0,No
ORD-100451,2024-03-07,Central,Office Supplies,Consumer,8,35.79,0.0,286.32,103.05,6.0,No
ORD-101888,2024-03-07,West,Furniture,Corporate,7,452.15,0.15,2690.29,493.98,3.0,No
ORD-100029,2024-03-07,West,Furniture,Consumer,7,81.25,0.0,568.75,174.62,6.0,No
ORD-101215,2024-03-08,East,Electronics,Consumer,2,195.94,0.0,391.88,118.45,5.0,No
ORD-100213,2024-03-08,West,Office Supplies,Corporate,8,21.25,0.2,136.0,30.59,4.0,No
ORD-102880,2024-03-08,North,Furniture,Corporate,7,240.32,0.2,1345.79,254.06,3.0,Yes
ORD-102487,2024-03-08,West,Electronics,Consumer,2,267.4,0.0,534.8,164.44,5.0,Yes
ORD-100867,2024-03-09,West,Electronics,Consumer,5,275.56,0.0,1377.8,338.57,2.0,No
ORD-101665,2024-03-09,West,Furniture,Consumer,8,160.96,,1223.3,403.86,2.0,No
ORD-102947,2024-03-10,West,Office Supplies,Corporate,1,51.92,0.15,44.13,6.99,6.0,Yes
ORD-100052,2024-03-10,West,Office Supplies,Home Office,6,26.69,0.1,144.13,23.5,4.0,No
ORD-100066,2024-03-10,East,Furniture,Consumer,2,112.84,0.1,203.11,60.06,1.0,No
ORD-102579,2024-03-10,Central,Office Supplies,Consumer,2,17.39,0.0,34.78,10.81,4.0,Yes
ORD-100953,2024-03-11,North,Office Supplies,Corporate,2,44.99,0.3,62.99,0.93,6.0,No
ORD-100189,2024-03-11,South,Furniture,Corporate,1,139.06,0.15,118.2,20.89,1.0,No
ORD-102314,2024-03-11,South,Furniture,Consumer,1,318.21,0.1,286.39,74.32,3.0,No
ORD-101453,2024-03-11,Central,Office Supplies,Corporate,1,27.43,0.2,21.94,2.05,5.0,No
ORD-101305,2024-03-11,Central,Electronics,Consumer,8,150.38,0.0,1203.04,282.64,9.0,No
ORD-101009,2024-03-11,East,Office Supplies,Corporate,4,22.33,,71.46,11.95,5.0,No
ORD-100991,2024-03-11,West,Furniture,Consumer,4,198.73,0.15,675.68,121.41,5.0,No
ORD-101231,2024-03-12,East,Electronics,Consumer,6,237.85,0.05,1355.74,499.51,5.0,No
ORD-100977,2024-03-12,South,Electronics,Consumer,3,39.26,0.05,111.89,23.62,7.0,No
ORD-102485,2024-03-12,South,Clothing,Home Office,7,108.67,0.05,722.66,210.63,3.0,No
ORD-100255,2024-03-12,West,Clothing,Home Office,5,52.48,0.1,236.16,48.17,3.0,No
ORD-101313,2024-03-12,North,Clothing,Corporate,6,29.97,0.2,143.86,14.64,2.0,Yes
ORD-101004,2024-03-12,East,Office Supplies,Home Office,1,35.65,0.05,33.87,10.23,5.0,No
ORD-100411,2024-03-12,East,Electronics,Corporate,8,111.44,0.2,713.22,120.83,3.0,No
ORD-100205,2024-03-13,North,Furniture,Corporate,5,530.37,0.1,2386.66,442.13,4.0,No
ORD-100679,2024-03-13,South,Electronics,Consumer,6,63.89,0.05,364.17,109.16,6.0,Yes
ORD-101916,2024-03-13,East,Office Supplies,Home Office,8,15.64,0.0,125.12,29.96,4.0,No
ORD-102154,2024-03-13,East,Electronics,Corporate,6,86.8,0.1,468.72,132.18,2.0,No
ORD-102879,2024-03-13,North,Furniture,Consumer,3,228.2,0.1,616.14,133.75,5.0,No
ORD-101684,2024-03-13,North,Clothing,Consumer,8,56.17,0.0,449.36,165.18,6.0,No
ORD-102812,2024-03-13,West,Office Supplies,Corporate,3,21.42,0.0,64.26,18.92,5.0,No
ORD-100265,2024-03-14,North,Electronics,Home Office,8,164.63,0.05,1251.19,315.54,8.0,No
ORD-101498,2024-03-14,South,Clothing,Corporate,3,45.24,0.15,115.36,19.66,7.0,No
ORD-101661,2024-03-14,East,Clothing,Home Office,6,41.89,0.1,226.21,41.47,3.0,No
ORD-102909,2024-03-14,East,Electronics,Consumer,1,164.84,0.1,148.36,21.02,5.0,No
ORD-101481,2024-03-14,North,Office Supplies,Home Office,6,34.73,0.2,166.7,24.87,,No
ORD-100785,2024-03-14,South,Clothing,Consumer,1,73.91,0.05,70.21,16.72,,No
ORD-102525,2024-03-14,North,Clothing,Home Office,3,66.35,0.05,189.1,45.24,1.0,No
ORD-102536,2024-03-14,West,Furniture,Consumer,2,181.91,0.05,345.63,69.52,4.0,No
ORD-100472,2024-03-15,North,Office Supplies,Home Office,1,72.77,0.0,72.77,21.97,2.0,No
ORD-100299,2024-03-15,East,Electronics,Home Office,6,79.64,0.15,406.16,81.7,5.0,No
ORD-101899,2024-03-15,North,Office Supplies,Consumer,8,32.42,0.05,246.39,59.11,6.0,No
ORD-102992,2024-03-15,South,Clothing,Consumer,1,73.0,0.05,69.35,20.57,4.0,No
ORD-102701,2024-03-15,East,Electronics,Corporate,7,232.14,0.0,1624.98,589.06,4.0,Yes
ORD-102332,2024-03-15,West,Electronics,Consumer,4,145.92,0.15,496.13,119.41,2.0,No
ORD-102213,2024-03-15,East,Clothing,Corporate,3,88.14,0.15,224.76,52.13,6.0,Yes
ORD-101882,2024-03-16,South,Office Supplies,Consumer,8,18.48,0.15,125.66,34.49,7.0,Yes
ORD-102763,2024-03-16,South,Clothing,Corporate,3,67.01,0.2,160.82,28.16,5.0,No
ORD-100775,2024-03-16,West,Office Supplies,Consumer,7,30.3,0.05,201.49,59.81,3.0,No
ORD-100126,2024-03-17,South,Office Supplies,Consumer,2,38.69,0.0,77.38,20.32,2.0,No
ORD-102359,2024-03-17,North,Clothing,Consumer,7,56.15,0.15,334.09,35.02,5.0,No
ORD-101730,2024-03-17,Central,Furniture,Corporate,3,213.59,0.1,576.69,134.04,8.0,Yes
ORD-100987,2024-03-17,North,Office Supplies,Consumer,3,52.98,0.0,158.94,45.7,3.0,No
ORD-102035,2024-03-18,West,Electronics,Home Office,7,125.04,0.1,787.75,172.79,6.0,No
ORD-100068,2024-03-18,North,Office Supplies,Consumer,8,34.76,0.0,278.08,77.08,5.0,No
ORD-101980,2024-03-18,West,Clothing,Consumer,8,79.41,0.0,635.28,195.38,8.0,Yes
ORD-101008,2024-03-18,West,Electronics,Consumer,4,237.97,0.0,951.88,304.19,6.0,No
ORD-100196,2024-03-18,East,Office Supplies,Corporate,3,28.28,0.1,76.36,16.96,3.0,No
ORD-101246,2024-03-18,East,Clothing,Home Office,6,37.26,0.0,223.56,74.73,1.0,No
ORD-100149,2024-03-19,North,Electronics,Corporate,1,111.36,0.15,94.66,28.94,6.0,No
ORD-101886,2024-03-19,North,Electronics,Consumer,7,224.51,0.0,1571.57,533.58,1.0,No
ORD-101865,2024-03-19,West,Electronics,Consumer,4,372.59,0.0,1490.36,520.23,1.0,No
ORD-102441,2024-03-19,North,Clothing,Consumer,5,74.62,0.05,354.44,107.12,7.0,No
ORD-100807,2024-03-20,North,Office Supplies,Home Office,5,34.59,0.1,155.66,44.91,5.0,No
ORD-101302,2024-03-20,West,Clothing,Home Office,6,63.89,0.05,364.17,106.82,5.0,No
ORD-100139,2024-03-20,North,Furniture,Consumer,4,174.68,0.0,698.72,228.5,2.0,No
ORD-100572,2024-03-20,East,Furniture,Corporate,1,1999.78,0.2,1599.82,345.28,12.0,Yes
ORD-101368,2024-03-20,North,Electronics,Home Office,1,199.42,0.1,179.48,38.95,4.0,No
ORD-101093,2024-03-21,North,Electronics,Corporate,4,188.02,0.0,752.08,190.01,6.0,No
ORD-101924,2024-03-21,North,Office Supplies,Home Office,8,52.22,0.1,375.98,80.28,3.0,No
ORD-102650,2024-03-21,Central,Clothing,Consumer,1,60.77,0.0,60.77,22.62,6.0,No
ORD-101340,2024-03-21,North,Electronics,Corporate,8,284.25,0.1,2046.6,458.15,3.0,No
ORD-102950,2024-03-22,North,Furniture,Consumer,2,850.08,0.2,1360.13,287.25,5.0,Yes
ORD-100931,2024-03-22,South,Office Supplies,Corporate,3,22.17,0.15,56.53,9.85,2.0,No
ORD-100389,2024-03-22,West,Electronics,Consumer,1,300.73,0.15,255.62,48.49,6.0,No
ORD-102339,2024-03-22,North,Electronics,Corporate,2,139.68,0.3,195.55,-8.78,4.0,No
ORD-101105,2024-03-22,West,Electronics,Consumer,5,508.23,0.15,2159.98,384.01,4.0,No
ORD-101740,2024-03-22,North,Electronics,Consumer,1,393.45,0.0,393.45,144.54,9.0,No
ORD-101766,2024-03-23,Central,Office Supplies,Corporate,2,40.44,0.1,72.79,21.78,9.0,No
ORD-100539,2024-03-23,West,Furniture,Corporate,4,257.12,0.3,719.94,70.38,5.0,No
ORD-102225,2024-03-23,North,Furniture,Consumer,2,252.4,0.0,504.8,161.81,4.0,No
ORD-102308,2024-03-23,East,Electronics,Consumer,1,519.78,0.05,493.79,133.82,6.0,No
ORD-100722,2024-03-23,North,Clothing,Consumer,1,159.35,0.0,159.35,33.9,5.0,No
ORD-102816,2024-03-23,South,Furniture,Home Office,2,148.39,0.05,281.94,64.34,4.0,No
ORD-102466,2024-03-24,West,Office Supplies,Consumer,2,16.48,0.0,32.96,7.62,3.0,No
ORD-102041,2024-03-24,West,Electronics,Consumer,6,94.96,0.0,569.76,105.37,7.0,No
ORD-102488,2024-03-24,North,Furniture,Corporate,1,357.05,0.1,321.35,70.65,5.0,No
ORD-100797,2024-03-24,North,Office Supplies,Consumer,2,40.33,0.05,76.63,32.08,1.0,No
ORD-101199,2024-03-24,West,Electronics,Corporate,3,367.72,0.1,992.84,213.47,4.0,No
ORD-100848,2024-03-24,North,Electronics,Consumer,1,115.21,0.05,109.45,29.95,1.0,No
ORD-102353,2024-03-25,East,Office Supplies,Consumer,2,72.42,0.0,144.84,41.5,6.0,No
ORD-100023,2024-03-25,Central,Office Supplies,Home Office,3,34.63,0.05,98.7,30.28,9.0,No
ORD-102821,2024-03-25,West,Clothing,Consumer,2,49.66,0.05,94.35,34.92,4.0,No
ORD-102876,2024-03-25,South,Office Supplies,Home Office,3,32.03,0.0,96.09,31.57,1.0,No
ORD-101574,2024-03-25,North,Clothing,Consumer,7,38.47,0.0,269.29,82.22,4.0,No
ORD-101252,2024-03-25,North,Electronics,Home Office,3,280.29,0.15,714.74,155.03,4.0,Yes
ORD-102363,2024-03-26,Central,Clothing,Consumer,4,58.54,0.1,210.74,45.67,6.0,No
ORD-102200,2024-03-26,North,Electronics,Consumer,1,302.44,0.05,287.32,43.83,9.0,Yes
ORD-101138,2024-03-26,North,Office Supplies,Corporate,6,41.31,0.15,210.68,42.2,5.0,No
ORD-101334,2024-03-26,Central,Clothing,Consumer,4,21.15,0.0,84.6,37.7,4.0,No
ORD-102151,2024-03-26,North,Electronics,Corporate,8,741.94,0.2,4748.42,405.59,4.0,No
ORD-100379,2024-03-26,West,Clothing,Consumer,4,91.38,0.15,310.69,40.49,1.0,No
ORD-102285,2024-03-26,North,Electronics,Consumer,4,38.98,0.05,148.12,54.27,3.0,No
ORD-100718,2024-03-26,East,Clothing,Corporate,1,61.98,0.1,55.78,14.49,1.0,No
ORD-102865,2024-03-27,North,Furniture,Consumer,2,340.47,0.05,646.89,128.43,,No
ORD-102158,2024-03-27,South,Office Supplies,Consumer,2,14.19,0.1,25.54,7.42,3.0,No
ORD-100865,2024-03-28,Central,Furniture,Consumer,8,37.47,0.05,284.77,81.67,5.0,No
ORD-101114,2024-03-28,Central,Office Supplies,Corporate,7,26.93,0.3,131.96,5.06,7.0,Yes
ORD-102714,2024-03-28,Central,Electronics,Consumer,2,177.27,0.15,301.36,36.76,,No
ORD-102943,2024-03-29,North,Clothing,Corporate,2,67.97,0.0,135.94,45.23,7.0,No
ORD-100695,2024-03-30,East,Furniture,Consumer,6,365.21,0.0,2191.26,590.76,3.0,No
ORD-100929,2024-03-30,West,Clothing,Home Office,8,59.12,0.05,449.31,155.05,6.0,No
ORD-100239,2024-03-30,North,Furniture,Corporate,6,458.57,0.0,2751.42,650.06,1.0,No
ORD-100456,2024-03-30,Central,Clothing,Consumer,4,42.73,0.0,170.92,41.74,7.0,No
ORD-102675,2024-03-31,East,Clothing,Corporate,1,36.06,0.15,30.65,6.57,7.0,No
ORD-102747,2024-03-31,North,Clothing,Home Office,4,40.97,0.05,155.69,37.43,5.0,No
ORD-100954,2024-03-31,Central,Electronics,Corporate,4,51.17,0.15,173.98,44.97,6.0,No
ORD-100047,2024-03-31,South,Office Supplies,Consumer,4,26.1,0.05,99.18,34.68,2.0,No
ORD-100990,2024-03-31,East,Clothing,Consumer,1,59.27,0.1,53.34,15.57,,No
ORD-101101,2024-03-31,South,Office Supplies,Consumer,7,34.49,0.0,241.43,87.8,3.0,No
ORD-102565,2024-04-01,South,Electronics,Consumer,6,227.07,0.15,1158.06,239.25,3.0,No
ORD-101955,2024-04-01,Central,Electronics,Corporate,8,146.9,0.1,1057.68,244.38,5.0,No
ORD-101791,2024-04-02,South,Electronics,Consumer,5,242.24,,1211.2,374.25,5.0,No
ORD-101437,2024-04-02,East,Electronics,Consumer,3,94.52,0.0,283.56,100.3,5.0,No
ORD-102897,2024-04-02,North,Clothing,Consumer,5,81.72,0.1,367.74,82.28,6.0,Yes
ORD-102904,2024-04-02,South,Office Supplies,Home Office,5,22.98,0.15,97.66,17.22,3.0,No
ORD-102634,2024-04-02,East,Electronics,Consumer,8,218.7,0.1,1574.64,252.62,8.0,Yes
ORD-100211,2024-04-03,East,Office Supplies,Corporate,4,23.5,0.2,75.2,12.76,7.0,No
ORD-102119,2024-04-03,North,Office Supplies,Corporate,6,18.5,0.0,111.0,36.86,4.0,No
ORD-101926,2024-04-04,South,Electronics,Consumer,6,211.35,0.05,1204.7,348.61,3.0,Yes
ORD-101591,2024-04-04,North,Office Supplies,Home Office,3,33.03,0.2,79.27,11.77,4.0,No
ORD-100388,2024-04-04,North,Furniture,Home Office,7,219.31,0.0,1535.17,457.2,6.0,No
ORD-100515,2024-04-05,North,Office Supplies,Consumer,2,42.0,0.05,79.8,20.86,5.0,No
ORD-101677,2024-04-05,East,Electronics,Home Office,1,221.73,0.15,188.47,34.45,1.0,No
ORD-102549,2024-04-05,South,Office Supplies,Corporate,7,34.43,0.1,216.91,45.29,5.0,No
ORD-101607,2024-04-05,South,Electronics,Consumer,3,195.06,0.1,526.66,115.37,6.0,No
ORD-101211,2024-04-05,West,Furniture,Corporate,1,432.34,0.15,367.49,52.72,2.0,No
ORD-101495,2024-04-05,East,Furniture,Corporate,3,281.85,0.2,676.44,148.61,2.0,No
ORD-102142,2024-04-06,West,Furniture,Consumer,7,133.23,0.05,885.98,214.26,3.0,No
ORD-102423,2024-04-06,North,Electronics,Home Office,8,179.94,0.0,1439.52,453.13,3.0,No
ORD-100873,2024-04-06,South,Electronics,Consumer,5,118.84,0.1,534.78,178.82,7.0,No
ORD-100749,2024-04-06,West,Electronics,Corporate,2,215.8,0.15,366.86,69.79,5.0,Yes
ORD-101204,2024-04-06,North,Office Supplies,Corporate,3,32.14,0.0,96.42,27.52,1.0,No
ORD-101271,2024-04-07,South,Office Supplies,Home Office,2,22.36,0.1,40.25,6.93,7.0,No
ORD-102303,2024-04-07,East,Furniture,Consumer,6,83.75,0.0,502.5,140.87,3.0,No
ORD-102995,2024-04-07,East,Furniture,Home Office,4,316.97,0.2,1014.3,210.08,1.0,No
ORD-101635,2024-04-07,South,Electronics,Consumer,8,90.48,0.1,651.46,148.99,5.0,No
ORD-102344,2024-04-08,West,Furniture,Home Office,1,180.62,0.0,180.62,46.54,2.0,No
ORD-101571,2024-04-08,East,Clothing,Home Office,1,42.2,0.2,33.76,5.42,5.0,No
ORD-100818,2024-04-08,East,Office Supplies,Consumer,4,68.86,0.2,220.35,25.13,5.0,No
ORD-100994,2024-04-09,Central,Electronics,Corporate,4,406.24,0.15,1381.22,316.3,9.0,No
ORD-102190,2024-04-09,North,Office Supplies,Corporate,6,52.96,0.3,222.43,2.31,5.0,No
ORD-101586,2024-04-09,South,Office Supplies,Consumer,2,34.37,0.1,61.87,20.33,1.0,No
ORD-100521,2024-04-10,South,Clothing,Consumer,6,35.34,0.1,190.84,52.86,4.0,No
ORD-101438,2024-04-10,Central,Furniture,Consumer,2,61.1,0.0,122.2,39.68,5.0,No
ORD-100449,2024-04-11,East,Clothing,Corporate,7,68.68,0.2,384.61,43.1,5.0,No
ORD-102846,2024-04-11,North,Clothing,Corporate,3,66.45,0.15,169.45,48.23,,No
ORD-101396,2024-04-12,East,Electronics,Consumer,4,307.68,0.05,1169.18,321.91,3.0,No
ORD-102554,2024-04-12,South,Office Supplies,Corporate,2,35.72,0.2,57.15,5.33,6.0,Yes
ORD-100857,2024-04-12,Central,Furniture,Consumer,2,374.52,0.05,711.59,272.31,3.0,No
ORD-102965,2024-04-12,East,Electronics,Consumer,8,179.95,0.1,1295.64,291.84,2.0,No
ORD-102577,2024-04-13,West,Office Supplies,Consumer,1,32.57,0.0,32.57,9.09,3.0,No
ORD-101767,2024-04-13,North,Office Supplies,Consumer,8,33.1,0.1,238.32,50.46,3.0,No
ORD-100064,2024-04-13,East,Furniture,Consumer,4,975.65,0.0,3902.6,1342.65,3.0,Yes
ORD-100199,2024-04-13,South,Clothing,Home Office,5,30.51,0.2,122.04,21.05,6.0,No
ORD-100452,2024-04-13,West,Electronics,Consumer,8,61.48,0.1,442.66,103.27,3.0,No
ORD-100010,2024-04-13,South,Furniture,Corporate,5,361.33,,1625.98,347.39,3.0,No
ORD-102637,2024-04-14,North,Office Supplies,Consumer,8,54.59,0.0,436.72,151.52,3.0,No
ORD-102641,2024-04-14,West,Office Supplies,Home Office,7,38.42,0.2,215.15,30.96,5.0,No
ORD-101554,2024-04-14,North,Electronics,Corporate,5,192.3,0.15,817.28,145.62,10.0,No
ORD-102586,2024-04-14,South,Office Supplies,Consumer,5,24.0,0.1,108.0,22.71,5.0,No
ORD-100537,2024-04-14,North,Office Supplies,Corporate,5,47.63,0.1,214.34,64.21,3.0,No
ORD-101087,2024-04-15,West,Office Supplies,Consumer,2,14.71,0.0,29.42,8.24,2.0,No
ORD-102738,2024-04-15,West,Clothing,Corporate,2,45.16,0.3,63.22,7.85,6.0,Yes
ORD-101148,2024-04-16,East,Furniture,Corporate,6,219.25,0.1,1183.95,191.86,7.0,No
ORD-100249,2024-04-16,South,Office Supplies,Consumer,2,24.58,0.0,49.16,13.36,2.0,No
ORD-101512,2024-04-17,East,Clothing,Consumer,8,31.98,0.1,230.26,50.81,4.0,No
ORD-102970,2024-04-17,East,Furniture,Home Office,4,496.98,0.1,1789.13,417.21,3.0,No
ORD-102468,2024-04-18,East,Office Supplies,Corporate,6,33.59,0.0,201.54,57.12,4.0,No
ORD-101434,2024-04-18,North,Office Supplies,Consumer,6,36.22,0.1,195.59,44.08,5.0,No
ORD-100526,2024-04-18,Central,Electronics,Consumer,1,107.52,0.05,102.14,27.32,5.0,No
ORD-102172,2024-04-18,East,Clothing,Corporate,4,31.85,0.15,108.29,9.99,,No
ORD-102604,2024-04-19,North,Office Supplies,Corporate,7,45.2,0.2,253.12,35.16,4.0,No
ORD-101460,2024-04-19,West,Furniture,Consumer,2,138.75,0.2,222.0,32.11,2.0,No
ORD-100285,2024-04-19,South,Office Supplies,Corporate,7,25.93,0.3,127.06,18.99,5.0,Yes
ORD-100819,2024-04-19,South,Clothing,Home Office,7,48.5,0.05,322.52,83.98,,No
ORD-102698,2024-04-19,South,Clothing,Consumer,5,86.95,0.0,434.75,138.83,4.0,No
ORD-100947,2024-04-19,West,Electronics,Corporate,4,131.59,0.0,526.36,215.72,11.0,Yes
ORD-102759,2024-04-19,East,Electronics,Consumer,4,282.68,0.1,1017.65,285.59,3.0,No
ORD-101968,2024-04-20,East,Electronics,Consumer,4,111.78,0.0,447.12,176.38,2.0,No
ORD-102621,2024-04-20,Central,Furniture,Corporate,4,245.67,0.3,687.88,32.56,5.0,No
ORD-100644,2024-04-20,East,Electronics,Corporate,2,277.08,0.1,498.74,104.75,5.0,No
ORD-101470,2024-04-20,Central,Clothing,Consumer,3,23.83,0.15,60.77,6.23,4.0,No
ORD-101263,2024-04-21,Central,Clothing,Consumer,6,47.74,0.05,272.12,60.32,7.0,No
ORD-100386,2024-04-21,West,Office Supplies,Consumer,4,32.78,0.05,124.56,41.98,6.0,No
ORD-102463,2024-04-22,East,Office Supplies,Home Office,8,57.75,0.2,369.6,65.23,4.0,Yes
ORD-100256,2024-04-22,West,Electronics,Corporate,6,276.4,0.15,1409.64,200.75,5.0,No
ORD-100184,2024-04-22,West,Electronics,Consumer,7,93.43,0.05,621.31,181.69,1.0,No
ORD-100550,2024-04-22,East,Clothing,Home Office,8,36.03,0.0,288.24,90.66,7.0,No
ORD-101976,2024-04-22,East,Office Supplies,Home Office,1,42.26,0.1,38.03,8.61,3.0,No
ORD-102030,2024-04-23,North,Electronics,Corporate,4,242.33,0.1,872.39,253.01,5.0,No
ORD-100563,2024-04-23,East,Electronics,Home Office,4,204.79,0.0,819.16,256.72,4.0,No
ORD-100983,2024-04-23,East,Electronics,Corporate,6,251.75,0.15,1283.92,311.73,3.0,No
ORD-101047,2024-04-24,West,Electronics,Consumer,6,140.06,0.15,714.31,207.55,2.0,Yes
ORD-100365,2024-04-24,South,Furniture,Consumer,1,243.08,0.1,218.77,45.88,2.0,No
ORD-102498,2024-04-24,West,Electronics,Corporate,1,379.33,0.0,379.33,135.68,5.0,No
ORD-101228,2024-04-24,Central,Office Supplies,Consumer,1,17.56,0.1,15.8,5.43,3.0,Yes
ORD-100952,2024-04-24,North,Clothing,Consumer,2,38.83,0.05,73.78,18.84,7.0,No
ORD-101061,2024-04-24,East,Office Supplies,Consumer,8,32.39,0.0,259.12,78.54,2.0,No
ORD-102756,2024-04-25,Central,Electronics,Consumer,4,193.78,0.0,775.12,232.89,9.0,Yes
ORD-102169,2024-04-25,East,Furniture,Consumer,7,264.53,0.1,1666.54,352.46,2.0,No
ORD-100950,2024-04-25,East,Furniture,Corporate,4,897.32,0.1,3230.35,984.46,9.0,No
ORD-102435,2024-04-25,Central,Electronics,Corporate,5,170.99,0.2,683.96,130.96,3.0,No
ORD-102080,2024-04-25,South,Electronics,Consumer,3,118.68,0.1,320.44,86.61,8.0,Yes
ORD-100405,2024-04-26,Central,Clothing,Corporate,2,41.37,0.1,74.47,16.77,5.0,Yes
ORD-102362,2024-04-26,East,Electronics,Consumer,5,142.9,0.1,643.05,106.65,6.0,No
ORD-102400,2024-04-26,East,Office Supplies,Consumer,5,10.96,0.0,54.8,16.86,3.0,No
ORD-101801,2024-04-26,East,Electronics,Corporate,4,248.1,0.3,694.68,37.49,4.0,No
ORD-100442,2024-04-26,West,Electronics,Home Office,5,511.85,0.05,2431.29,908.8,2.0,No
ORD-101907,2024-04-26,North,Electronics,Home Office,1,226.45,0.1,203.8,38.27,,No
ORD-100617,2024-04-26,South,Electronics,Home Office,3,66.85,0.0,200.55,60.11,,No
ORD-102708,2024-04-27,North,Electronics,Consumer,2,509.66,0.05,968.35,206.81,6.0,No
ORD-102732,2024-04-27,East,Office Supplies,Consumer,7,50.39,0.15,299.82,36.01,4.0,Yes
ORD-101422,2024-04-27,East,Office Supplies,Consumer,6,34.38,0.0,206.28,69.14,2.0,No
ORD-100582,2024-04-27,North,Furniture,Corporate,1,236.0,0.0,236.0,78.25,5.0,No
ORD-101854,2024-04-27,West,Electronics,Consumer,4,202.35,0.0,809.4,157.25,1.0,No
ORD-102237,2024-04-27,South,Electronics,Corporate,7,117.98,0.0,825.86,271.86,3.0,No
ORD-102894,2024-04-27,Central,Electronics,Consumer,1,50.83,0.2,40.66,3.92,4.0,No
ORD-101947,2024-04-28,Central,Office Supplies,Consumer,8,15.59,0.05,118.48,37.78,6.0,Yes
ORD-102325,2024-04-28,Central,Electronics,Consumer,6,165.87,0.1,895.7,178.17,5.0,No
ORD-102378,2024-04-28,North,Electronics,Consumer,2,219.04,0.1,394.27,90.17,5.0,No
ORD-102654,2024-04-28,East,Furniture,Consumer,1,104.61,0.05,99.38,20.76,4.0,No
ORD-101966,2024-04-29,West,Furniture,Consumer,5,371.25,0.1,1670.62,542.16,1.0,No
ORD-100275,2024-04-29,South,Clothing,Corporate,3,83.56,0.2,200.54,54.62,3.0,Yes
ORD-102645,2024-04-29,Central,Electronics,Consumer,1,286.26,0.15,243.32,32.06,7.0,No
ORD-101565,2024-04-30,East,Office Supplies,Home Office,2,33.6,0.0,67.2,23.74,4.0,No
ORD-101891,2024-04-30,West,Furniture,Home Office,6,925.38,,5552.28,2424.21,6.0,No
ORD-101170,2024-04-30,South,Clothing,Consumer,2,52.99,0.1,95.38,31.58,4.0,Yes
ORD-100179,2024-04-30,West,Office Supplies,Consumer,1,21.38,0.0,21.38,7.05,1.0,No
ORD-101232,2024-05-01,North,Office Supplies,Consumer,1,41.16,0.1,37.04,9.12,1.0,No
ORD-101394,2024-05-02,West,Furniture,Home Office,3,100.62,0.1,271.67,65.81,3.0,No
ORD-101746,2024-05-02,West,Furniture,Corporate,3,123.54,0.0,370.62,100.56,2.0,No
ORD-101186,2024-05-02,South,Electronics,Consumer,1,147.49,0.15,125.37,16.73,4.0,No
ORD-100687,2024-05-02,Central,Clothing,Home Office,6,39.53,0.0,237.18,76.16,9.0,Yes
ORD-101972,2024-05-02,West,Furniture,Corporate,2,296.66,0.15,504.32,104.82,3.0,No
ORD-100253,2024-05-03,North,Office Supplies,Consumer,3,33.64,0.0,100.92,39.7,1.0,No
ORD-102765,2024-05-03,Central,Furniture,Consumer,5,76.38,0.1,343.71,69.45,6.0,No
ORD-102319,2024-05-03,Central,Furniture,Consumer,4,464.1,0.0,1856.4,548.66,4.0,No
ORD-100122,2024-05-03,North,Furniture,Corporate,4,115.78,0.1,416.81,76.53,3.0,No
ORD-101783,2024-05-03,North,Office Supplies,Consumer,7,43.71,0.0,305.97,114.92,5.0,No
ORD-100044,2024-05-03,West,Office Supplies,Corporate,3,21.15,0.0,63.45,20.87,3.0,No
ORD-101773,2024-05-03,Central,Furniture,Home Office,4,339.56,0.1,1222.42,341.91,5.0,No
ORD-102115,2024-05-03,Central,Clothing,Home Office,5,31.78,0.0,158.9,64.93,5.0,No
ORD-100636,2024-05-03,West,Clothing,Consumer,5,39.41,0.0,197.05,61.06,2.0,No
ORD-102558,2024-05-03,East,Office Supplies,Consumer,3,45.56,0.1,123.01,44.26,2.0,No
ORD-102283,2024-05-04,West,Furniture,Consumer,4,678.28,,2441.81,559.61,2.0,No
ORD-100719,2024-05-04,Central,Office Supplies,Consumer,3,43.59,0.05,124.23,37.13,4.0,No
ORD-100830,2024-05-05,East,Office Supplies,Consumer,7,29.46,0.1,185.6,42.58,5.0,No
ORD-101183,2024-05-05,North,Office Supplies,Consumer,5,17.55,0.0,87.75,29.36,3.0,No
ORD-101428,2024-05-05,West,Electronics,Corporate,5,222.57,0.2,890.28,144.5,5.0,Yes
ORD-102279,2024-05-05,East,Office Supplies,Consumer,6,56.31,0.0,337.86,93.97,,No
ORD-101051,2024-05-06,North,Office Supplies,Consumer,8,37.34,0.1,268.85,81.43,3.0,No
ORD-102665,2024-05-06,West,Office Supplies,Corporate,6,30.49,0.2,146.35,24.45,5.0,Yes
ORD-101465,2024-05-06,West,Electronics,Consumer,2,213.06,0.05,404.81,83.88,5.0,Yes
ORD-100164,2024-05-06,East,Office Supplies,Home Office,4,45.05,0.15,153.17,29.32,4.0,No
ORD-102014,2024-05-06,South,Electronics,Consumer,8,122.06,0.0,976.48,314.12,5.0,No
ORD-102801,2024-05-06,East,Office Supplies,Consumer,6,55.64,0.1,300.46,78.86,4.0,No
ORD-101833,2024-05-06,North,Office Supplies,Corporate,1,60.01,,51.01,9.02,3.0,No
ORD-100041,2024-05-06,West,Clothing,Consumer,2,54.31,0.0,108.62,42.4,2.0,No
ORD-102108,2024-05-06,South,Office Supplies,Corporate,8,30.96,0.2,198.14,35.28,3.0,No
ORD-101068,2024-05-07,North,Clothing,Consumer,8,48.24,0.15,328.03,90.13,1.0,No
ORD-101962,2024-05-07,East,Office Supplies,Corporate,2,35.83,0.3,50.16,3.34,1.0,No
ORD-102910,2024-05-07,West,Clothing,Consumer,5,42.75,0.0,213.75,64.66,4.0,No
ORD-100602,2024-05-08,Central,Office Supplies,Consumer,6,15.13,0.0,90.78,35.33,5.0,No
ORD-100106,2024-05-08,East,Furniture,Home Office,4,469.87,0.0,1879.48,657.42,4.0,No
ORD-102094,2024-05-09,Central,Clothing,Consumer,4,42.0,0.05,159.6,33.27,4.0,No
ORD-102517,2024-05-09,North,Electronics,Consumer,5,156.2,0.0,781.0,252.36,3.0,No
ORD-100553,2024-05-09,Central,Office Supplies,Consumer,2,21.5,0.0,43.0,14.04,10.0,No
ORD-101330,2024-05-09,West,Electronics,Consumer,6,99.15,0.05,565.16,166.43,7.0,No
ORD-102442,2024-05-10,North,Clothing,Consumer,3,22.75,0.05,64.84,18.52,,No
ORD-101265,2024-05-10,West,Office Supplies,Consumer,6,33.87,0.0,203.22,74.54,2.0,No
ORD-102626,2024-05-10,East,Office Supplies,Consumer,3,16.74,0.05,47.71,9.11,2.0,No
ORD-101107,2024-05-11,South,Office Supplies,Corporate,8,30.3,0.0,242.4,82.9,3.0,Yes
ORD-102381,2024-05-11,North,Office Supplies,Corporate,2,32.92,0.15,55.96,4.58,5.0,No
ORD-101241,2024-05-11,South,Clothing,Consumer,5,71.26,0.05,338.48,88.65,10.0,No
ORD-101054,2024-05-11,South,Clothing,Consumer,5,37.28,0.1,167.76,35.77,4.0,No
ORD-102453,2024-05-11,West,Electronics,Home Office,2,146.92,0.1,264.46,80.19,2.0,No
ORD-101311,2024-05-11,Central,Office Supplies,Consumer,7,18.57,0.05,123.49,33.2,4.0,No
ORD-100697,2024-05-12,East,Electronics,Consumer,2,111.57,0.1,200.83,38.21,5.0,No
ORD-102338,2024-05-12,East,Clothing,Consumer,6,79.6,0.05,453.72,132.3,1.0,No
ORD-101837,2024-05-12,South,Electronics,Corporate,2,145.66,0.1,262.19,60.92,1.0,No
ORD-101159,2024-05-12,West,Electronics,Consumer,2,134.82,0.0,269.64,81.36,5.0,No
ORD-102722,2024-05-13,South,Electronics,Corporate,8,118.71,0.15,807.23,136.22,3.0,No
ORD-100651,2024-05-13,Central,Electronics,Home Office,2,65.47,0.0,130.94,50.38,7.0,No
ORD-100293,2024-05-13,North,Office Supplies,Home Office,3,87.4,0.15,222.87,26.55,3.0,Yes
ORD-101884,2024-05-13,South,Clothing,Consumer,3,46.6,0.15,118.83,24.06,3.0,No
ORD-101184,2024-05-14,North,Clothing,Consumer,1,65.74,0.1,59.17,9.79,5.0,Yes
ORD-100969,2024-05-14,North,Electronics,Corporate,4,281.58,0.2,901.06,218.73,,No
ORD-101582,2024-05-14,South,Clothing,Consumer,7,26.61,0.0,186.27,50.0,10.0,No
ORD-100240,2024-05-14,West,Clothing,Corporate,3,59.05,0.2,141.72,19.22,4.0,No
ORD-100836,2024-05-14,West,Office Supplies,Consumer,7,11.31,0.0,79.17,35.31,5.0,No
ORD-100717,2024-05-15,North,Clothing,Home Office,4,64.72,0.0,258.88,65.52,4.0,No
ORD-101376,2024-05-15,East,Office Supplies,Consumer,5,30.43,0.05,144.54,42.86,2.0,No
ORD-100185,2024-05-16,West,Electronics,Corporate,6,427.21,0.3,1794.28,174.87,8.0,No
ORD-102223,2024-05-16,North,Electronics,Home Office,2,154.6,0.0,309.2,95.72,6.0,No
ORD-100594,2024-05-16,North,Electronics,Home Office,2,347.94,0.1,626.29,127.17,7.0,No
ORD-102777,2024-05-16,East,Office Supplies,Corporate,4,38.39,0.3,107.49,-2.45,1.0,Yes
ORD-101256,2024-05-16,West,Electronics,Consumer,8,308.4,0.05,2343.84,704.46,4.0,No
ORD-102753,2024-05-16,North,Office Supplies,Home Office,2,67.19,0.2,107.5,8.74,11.0,No
ORD-102178,2024-05-17,North,Office Supplies,Corporate,1,31.75,0.1,28.58,5.61,3.0,No
ORD-102135,2024-05-17,East,Office Supplies,Consumer,3,47.32,0.05,134.86,38.98,4.0,No
ORD-100802,2024-05-17,Central,Furniture,Consumer,6,267.63,0.05,1525.49,437.45,9.0,No
ORD-100091,2024-05-17,West,Clothing,Consumer,4,55.58,0.0,222.32,79.33,3.0,No
ORD-101587,2024-05-17,East,Clothing,Home Office,5,38.67,0.2,154.68,10.26,2.0,No
ORD-101053,2024-05-17,North,Furniture,Consumer,4,413.21,0.2,1322.27,168.99,4.0,No
ORD-100527,2024-05-18,Central,Electronics,Consumer,1,105.17,0.15,89.39,17.52,,No
ORD-102545,2024-05-18,South,Furniture,Consumer,1,66.87,0.1,60.18,13.97,3.0,No
ORD-101758,2024-05-18,Central,Electronics,Consumer,8,81.22,0.0,649.76,223.98,7.0,No
ORD-102277,2024-05-18,North,Office Supplies,Corporate,8,28.12,0.3,157.47,7.06,6.0,Yes
ORD-101806,2024-05-19,North,Furniture,Corporate,7,349.34,0.0,2445.38,882.08,2.0,No
ORD-101776,2024-05-19,West,Furniture,Consumer,6,204.36,0.1,1103.54,291.67,4.0,No
ORD-101351,2024-05-19,West,Electronics,Consumer,7,273.08,0.15,1624.83,338.55,3.0,No
ORD-101413,2024-05-19,Central,Electronics,Corporate,1,38.18,0.2,30.54,2.48,10.0,No
ORD-102364,2024-05-19,West,Clothing,Corporate,1,25.83,0.0,25.83,7.24,4.0,No
ORD-102810,2024-05-19,North,Office Supplies,Home Office,1,43.0,0.15,36.55,7.71,5.0,No
ORD-100367,2024-05-19,West,Office Supplies,Consumer,1,65.77,0.15,55.9,12.74,4.0,No
ORD-100906,2024-05-20,East,Clothing,Corporate,3,50.61,0.2,121.46,11.3,6.0,No
ORD-102648,2024-05-20,West,Furniture,Consumer,6,399.89,0.0,2399.34,938.11,7.0,No
ORD-102849,2024-05-20,South,Office Supplies,Home Office,4,32.66,0.15,111.04,22.02,4.0,No
ORD-101919,2024-05-20,Central,Furniture,Consumer,1,183.24,0.0,183.24,61.12,4.0,No
ORD-101986,2024-05-21,North,Office Supplies,Home Office,8,33.94,0.0,271.52,61.45,4.0,No
ORD-100142,2024-05-21,Central,Clothing,Consumer,8,29.21,0.05,222.0,82.24,3.0,No
ORD-100333,2024-05-21,Central,Electronics,Consumer,2,186.51,0.0,373.02,103.15,,No
ORD-100510,2024-05-21,North,Clothing,Corporate,2,66.88,0.0,133.76,37.94,6.0,No
ORD-100161,2024-05-22,Central,Clothing,Corporate,8,77.35,0.1,556.92,104.42,3.0,No
ORD-102196,2024-05-22,North,Furniture,Corporate,6,1051.73,0.2,5048.3,1016.86,3.0,No
ORD-102914,2024-05-22,East,Electronics,Consumer,1,252.16,0.15,214.34,48.42,7.0,Yes
ORD-102012,2024-05-22,North,Electronics,Corporate,6,159.76,0.0,958.56,240.82,3.0,No
ORD-102680,2024-05-23,West,Clothing,Consumer,3,45.7,0.0,137.1,40.34,3.0,No
ORD-101667,2024-05-23,North,Furniture,Consumer,2,337.33,0.0,674.66,208.45,2.0,Yes
ORD-102978,2024-05-23,West,Electronics,Corporate,1,112.21,0.15,95.38,13.69,4.0,No
ORD-102912,2024-05-23,East,Office Supplies,Corporate,5,23.67,0.1,106.52,31.82,3.0,No
ORD-102132,2024-05-24,Central,Electronics,Corporate,4,120.18,0.2,384.58,40.15,7.0,No
ORD-102479,2024-05-24,Central,Clothing,Corporate,5,71.11,0.2,284.44,53.12,8.0,No
ORD-102302,2024-05-24,East,Office Supplies,Consumer,4,35.81,0.05,136.08,33.51,3.0,No
ORD-100329,2024-05-24,South,Electronics,Consumer,8,100.81,0.0,806.48,300.37,2.0,No
ORD-100113,2024-05-24,East,Office Supplies,Home Office,6,46.07,0.0,276.42,73.53,4.0,No
ORD-102652,2024-05-25,West,Office Supplies,Home Office,4,22.68,0.05,86.18,22.6,7.0,No
ORD-100524,2024-05-25,North,Office Supplies,Consumer,2,55.39,0.1,99.7,26.81,5.0,No
ORD-100277,2024-05-25,East,Office Supplies,Corporate,2,67.31,0.2,107.7,23.19,5.0,Yes
ORD-100146,2024-05-25,South,Office Supplies,Corporate,8,15.98,0.1,115.06,22.03,3.0,Yes
ORD-100956,2024-05-25,West,Clothing,Consumer,6,25.43,0.15,129.69,14.64,5.0,No
ORD-101383,2024-05-25,Central,Office Supplies,Consumer,4,20.55,0.2,65.76,15.48,6.0,No
ORD-102767,2024-05-26,West,Office Supplies,Home Office,2,28.05,0.15,47.68,8.81,2.0,No
ORD-102797,2024-05-26,South,Clothing,Corporate,2,35.53,0.1,63.95,10.92,3.0,No
ORD-101427,2024-05-26,North,Electronics,Consumer,5,77.32,0.15,328.61,58.8,4.0,No
ORD-100740,2024-05-27,North,Electronics,Corporate,3,241.4,0.0,724.2,255.08,4.0,No
ORD-100105,2024-05-27,West,Office Supplies,Home Office,8,55.83,0.1,401.98,99.88,3.0,Yes
ORD-100866,2024-05-27,Central,Office Supplies,Consumer,1,23.25,0.05,22.09,5.44,8.0,No
ORD-100841,2024-05-27,West,Office Supplies,Home Office,3,65.92,0.0,197.76,59.84,2.0,No
ORD-100512,2024-05-27,North,Clothing,Consumer,7,85.84,0.15,510.75,86.04,5.0,No
ORD-100992,2024-05-27,West,Electronics,Home Office,7,200.72,0.05,1334.79,406.35,7.0,Yes
ORD-100658,2024-05-28,East,Clothing,Corporate,6,41.7,0.1,225.18,52.19,6.0,No
ORD-101072,2024-05-28,East,Furniture,Consumer,4,266.72,0.15,906.85,212.54,10.0,No
ORD-101942,2024-05-28,South,Office Supplies,Corporate,3,29.22,0.1,78.89,18.5,3.0,No
ORD-101103,2024-05-28,West,Furniture,Consumer,7,243.15,0.1,1531.84,319.84,5.0,No
ORD-101222,2024-05-28,Central,Furniture,Corporate,8,254.11,0.2,1626.3,321.01,,No
ORD-102122,2024-05-29,South,Furniture,Corporate,2,716.62,0.2,1146.59,131.66,3.0,No
ORD-100013,2024-05-29,West,Office Supplies,Corporate,8,29.2,0.15,198.56,34.64,3.0,No
ORD-102752,2024-05-29,West,Office Supplies,Corporate,8,56.95,0.15,387.26,90.57,4.0,No
ORD-101578,2024-05-29,Central,Office Supplies,Consumer,2,52.95,0.15,90.02,22.16,4.0,Yes
ORD-100654,2024-05-29,West,Furniture,Corporate,8,575.14,0.3,3220.78,279.76,1.0,No
ORD-102928,2024-05-30,South,Clothing,Consumer,1,20.25,0.15,17.21,2.52,5.0,Yes
ORD-100152,2024-05-30,North,Furniture,Consumer,6,621.32,0.0,3727.92,1106.91,4.0,No
ORD-100223,2024-05-30,Central,Office Supplies,Consumer,8,36.39,0.1,262.01,75.95,7.0,No
ORD-100065,2024-05-30,East,Furniture,Home Office,5,93.48,0.2,373.92,82.89,3.0,No
ORD-102073,2024-05-30,West,Office Supplies,Consumer,3,54.07,0.05,154.1,48.21,5.0,No
ORD-102075,2024-05-31,East,Electronics,Consumer,7,102.62,0.0,718.34,164.68,2.0,No
ORD-102900,2024-05-31,South,Clothing,Consumer,7,108.93,0.1,686.26,167.51,4.0,No
ORD-100884,2024-05-31,North,Clothing,Home Office,2,133.35,0.15,226.7,52.29,8.0,No
ORD-100975,2024-06-01,East,Electronics,Consumer,5,96.63,0.0,483.15,142.71,4.0,No
ORD-101544,2024-06-01,East,Furniture,Corporate,6,277.92,0.15,1417.39,247.98,3.0,No
ORD-100242,2024-06-01,North,Clothing,Consumer,5,144.58,0.05,686.76,201.88,5.0,Yes
ORD-102261,2024-06-01,Central,Office Supplies,Consumer,1,22.36,0.1,20.12,3.32,5.0,No
ORD-100827,2024-06-01,North,Furniture,Home Office,5,332.39,0.1,1495.76,408.45,6.0,No
ORD-100400,2024-06-02,South,Electronics,Consumer,4,117.43,0.2,375.78,71.03,4.0,No
ORD-100469,2024-06-02,East,Clothing,Home Office,4,43.93,0.05,166.93,49.53,4.0,No
ORD-102287,2024-06-02,West,Office Supplies,Home Office,7,36.15,0.0,253.05,55.67,2.0,No
ORD-100922,2024-06-02,East,Furniture,Consumer,2,106.15,0.0,212.3,72.07,2.0,No
ORD-100999,2024-06-02,South,Electronics,Corporate,6,217.44,0.3,913.25,192.82,3.0,No
ORD-102721,2024-06-02,West,Electronics,Consumer,4,355.07,0.05,1349.27,407.94,6.0,No
ORD-100678,2024-06-02,North,Electronics,Consumer,7,140.44,,884.77,239.31,4.0,No
ORD-102139,2024-06-02,West,Clothing,Consumer,6,62.54,0.05,356.48,108.62,4.0,No
ORD-102743,2024-06-03,West,Clothing,Corporate,4,76.98,0.0,307.92,108.66,4.0,No
ORD-100963,2024-06-03,North,Electronics,Consumer,6,302.8,0.0,1816.8,766.1,3.0,No
ORD-100352,2024-06-03,East,Electronics,Corporate,5,70.53,0.3,246.85,-13.42,3.0,Yes
ORD-101941,2024-06-03,East,Electronics,Consumer,4,33.99,0.2,108.77,18.15,2.0,No
ORD-100917,2024-06-03,North,Office Supplies,Corporate,2,38.02,0.1,68.44,15.12,5.0,No
ORD-101616,2024-06-04,North,Electronics,Consumer,6,436.5,0.05,2488.05,684.22,3.0,No
ORD-100902,2024-06-04,North,Office Supplies,Corporate,5,52.93,0.0,264.65,81.37,5.0,Yes
ORD-102691,2024-06-05,South,Electronics,Consumer,8,87.37,0.05,664.01,168.98,2.0,No
ORD-100296,2024-06-05,Central,Office Supplies,Corporate,7,22.23,0.2,124.49,10.0,7.0,No
ORD-101310,2024-06-05,South,Office Supplies,Consumer,4,21.46,0.0,85.84,29.33,5.0,No
ORD-102779,2024-06-05,North,Electronics,Consumer,1,322.41,0.0,322.41,85.39,7.0,No
ORD-101784,2024-06-06,North,Clothing,Consumer,2,33.75,0.0,67.5,19.73,4.0,Yes
ORD-102086,2024-06-06,South,Office Supplies,Home Office,5,25.08,0.0,125.4,53.83,1.0,No
ORD-102502,2024-06-06,Central,Electronics,Consumer,1,74.5,0.2,59.6,5.0,5.0,No
ORD-100751,2024-06-06,South,Office Supplies,Consumer,6,23.96,0.2,115.01,13.82,,No
ORD-101301,2024-06-06,East,Office Supplies,Corporate,1,34.86,0.2,27.89,5.3,6.0,Yes
ORD-100895,2024-06-07,Central,Office Supplies,Consumer,1,14.15,,14.15,4.98,5.0,No
ORD-100061,2024-06-07,East,Furniture,Consumer,4,348.45,0.0,1393.8,506.13,1.0,No
ORD-102980,2024-06-07,East,Office Supplies,Corporate,6,33.65,0.15,171.61,35.18,3.0,No
ORD-102569,2024-06-08,Central,Clothing,Corporate,5,17.92,0.15,76.16,16.34,3.0,Yes
ORD-101658,2024-06-08,South,Office Supplies,Consumer,1,41.03,0.1,36.93,9.88,8.0,Yes
ORD-101165,2024-06-08,Central,Electronics,Consumer,6,373.62,0.0,2241.72,667.23,4.0,No
ORD-100872,2024-06-08,Central,Electronics,Consumer,8,123.81,0.1,891.43,228.68,4.0,Yes
ORD-100958,2024-06-09,East,Electronics,Consumer,3,188.67,0.0,566.01,184.02,5.0,No
ORD-101864,2024-06-09,East,Office Supplies,Corporate,3,51.24,,138.35,32.72,4.0,No
ORD-100899,2024-06-09,East,Electronics,Home Office,4,363.05,0.2,1161.76,226.03,7.0,No
ORD-102357,2024-06-10,East,Furniture,Consumer,2,270.86,0.1,487.55,130.26,3.0,No
ORD-102059,2024-06-10,North,Electronics,Home Office,1,430.09,0.0,430.09,78.55,6.0,No
ORD-100762,2024-06-11,North,Electronics,Home Office,5,938.75,0.15,3989.69,676.15,4.0,No
ORD-100882,2024-06-11,Central,Office Supplies,Consumer,4,27.95,0.0,111.8,40.77,5.0,No
ORD-102274,2024-06-12,Central,Furniture,Consumer,1,104.88,0.05,99.64,22.02,8.0,No
ORD-101268,2024-06-12,East,Office Supplies,Home Office,2,26.58,0.1,47.84,8.65,6.0,Yes
ORD-101741,2024-06-12,North,Electronics,Consumer,4,169.78,0.05,645.16,205.03,6.0,No
ORD-102755,2024-06-12,West,Office Supplies,Consumer,8,38.33,0.15,260.64,59.95,2.0,No
ORD-100486,2024-06-12,East,Office Supplies,Consumer,5,34.19,0.15,145.31,32.71,7.0,No
ORD-101870,2024-06-12,South,Furniture,Consumer,4,249.9,0.0,999.6,322.58,7.0,No
ORD-100020,2024-06-12,West,Furniture,Home Office,3,159.84,0.1,431.57,148.11,7.0,No
ORD-100169,2024-06-13,Central,Office Supplies,Corporate,1,16.75,0.15,14.24,2.68,,No
ORD-102964,2024-06-13,North,Office Supplies,Consumer,3,59.17,0.15,150.88,23.71,5.0,No
ORD-100058,2024-06-13,North,Electronics,Corporate,6,263.34,0.15,1343.03,237.54,5.0,No
ORD-102457,2024-06-13,North,Office Supplies,Home Office,6,25.22,0.0,151.32,58.43,,No
ORD-100541,2024-06-13,East,Office Supplies,Consumer,8,26.51,0.0,212.08,68.45,6.0,No
ORD-102000,2024-06-13,West,Electronics,Corporate,8,262.88,0.3,1472.13,154.35,2.0,No
ORD-101288,2024-06-14,East,Clothing,Corporate,7,76.67,0.15,456.19,132.45,5.0,No
ORD-100690,2024-06-14,South,Electronics,Consumer,5,136.94,0.0,684.7,219.32,4.0,No
ORD-101158,2024-06-14,South,Office Supplies,Consumer,2,49.17,0.05,93.42,27.75,5.0,No
ORD-102295,2024-06-14,North,Office Supplies,Consumer,5,73.22,0.0,366.1,102.92,1.0,No
ORD-102443,2024-06-14,East,Office Supplies,Consumer,6,32.56,0.0,195.36,74.86,3.0,No
ORD-101862,2024-06-14,Central,Electronics,Consumer,8,117.18,0.05,890.57,234.53,11.0,No
ORD-101364,2024-06-14,East,Office Supplies,Consumer,5,40.05,0.05,190.24,45.29,4.0,No
ORD-102064,2024-06-15,South,Clothing,Home Office,1,27.56,0.1,24.8,3.65,4.0,No
ORD-102069,2024-06-15,East,Office Supplies,Home Office,6,42.3,0.0,253.8,91.02,1.0,No
ORD-101909,2024-06-15,Central,Electronics,Consumer,1,396.14,0.05,376.33,114.88,5.0,No
ORD-102835,2024-06-15,East,Electronics,Consumer,5,106.43,0.1,478.94,125.49,7.0,No
ORD-102699,2024-06-15,Central,Electronics,Consumer,4,189.86,0.0,759.44,201.94,5.0,No
ORD-101304,2024-06-16,West,Electronics,Corporate,7,264.94,0.15,1576.39,218.6,5.0,No
ORD-100974,2024-06-16,South,Electronics,Corporate,6,263.38,0.15,1343.24,271.54,4.0,No
ORD-102934,2024-06-16,West,Electronics,Corporate,2,176.2,0.2,281.92,58.47,8.0,No
ORD-101378,2024-06-16,East,Clothing,Consumer,4,64.25,0.15,218.45,29.06,7.0,No
ORD-102788,2024-06-16,Central,Clothing,Consumer,2,48.19,0.05,91.56,29.49,6.0,No
ORD-100273,2024-06-16,East,Office Supplies,Consumer,3,55.95,0.1,151.07,50.61,1.0,No
ORD-100574,2024-06-17,West,Furniture,Consumer,8,54.15,0.15,368.22,68.57,3.0,No
ORD-100140,2024-06-17,East,Furniture,Consumer,5,469.48,0.05,2230.03,450.18,6.0,No
ORD-102010,2024-06-17,North,Electronics,Home Office,1,215.54,0.1,193.99,38.52,4.0,No
ORD-100462,2024-06-17,Central,Electronics,Corporate,8,203.61,0.15,1384.55,175.0,10.0,No
ORD-100518,2024-06-17,North,Office Supplies,Consumer,6,35.02,0.1,189.11,56.23,4.0,No
ORD-100900,2024-06-17,East,Electronics,Consumer,8,259.89,0.0,2079.12,659.29,6.0,No
ORD-101634,2024-06-17,Central,Office Supplies,Consumer,8,17.93,0.0,143.44,50.14,3.0,No
ORD-102056,2024-06-18,Central,Office Supplies,Corporate,2,15.48,,26.32,6.24,4.0,No
ORD-101769,2024-06-18,West,Office Supplies,Corporate,3,18.08,0.1,48.82,16.44,,No
ORD-100509,2024-06-18,North,Electronics,Corporate,2,291.35,0.15,495.3,129.21,1.0,No
ORD-100173,2024-06-18,Central,Clothing,Consumer,6,22.09,0.0,132.54,42.61,7.0,No
ORD-101346,2024-06-19,South,Office Supplies,Consumer,7,20.6,0.0,144.2,53.71,3.0,No
ORD-102625,2024-06-19,South,Office Supplies,Consumer,1,45.95,0.0,45.95,13.5,2.0,No
ORD-101774,2024-06-20,East,Electronics,Corporate,7,52.44,0.3,256.96,31.21,5.0,No
ORD-101395,2024-06-20,North,Furniture,Home Office,5,201.32,0.15,855.61,179.45,1.0,No
ORD-100327,2024-06-20,East,Clothing,Corporate,8,12.75,0.1,91.8,14.24,2.0,Yes
ORD-101990,2024-06-20,North,Electronics,Corporate,1,109.33,0.3,76.53,9.41,3.0,No
ORD-101510,2024-06-20,North,Office Supplies,Corporate,4,53.83,0.15,183.02,33.89,3.0,No
ORD-100868,2024-06-21,North,Office Supplies,Corporate,3,36.09,0.2,86.62,14.22,6.0,Yes
ORD-100457,2024-06-21,East,Clothing,Corporate,2,58.18,0.2,93.09,12.17,4.0,No
ORD-102428,2024-06-21,East,Clothing,Home Office,6,39.68,0.05,226.18,32.26,2.0,Yes
ORD-101944,2024-06-22,West,Office Supplies,Corporate,8,68.94,0.1,496.37,124.56,8.0,Yes
ORD-102491,2024-06-22,South,Office Supplies,Home Office,3,26.34,0.05,75.07,18.96,3.0,No
ORD-100188,2024-06-22,West,Electronics,Corporate,4,57.16,,205.78,52.96,4.0,No
ORD-100225,2024-06-22,Central,Clothing,Consumer,6,43.44,0.05,247.61,42.81,4.0,No
ORD-101479,2024-06-22,East,Clothing,Home Office,6,86.45,0.15,440.9,116.16,2.0,No
ORD-101657,2024-06-22,West,Electronics,Corporate,3,116.03,0.0,348.09,127.48,7.0,Yes
ORD-102533,2024-06-22,North,Furniture,Home Office,7,977.26,0.0,6840.82,2366.93,,No
ORD-100087,2024-06-23,East,Office Supplies,Consumer,6,21.42,0.05,122.09,34.46,4.0,No
ORD-100852,2024-06-23,West,Furniture,Corporate,4,154.96,0.3,433.89,58.49,2.0,No
ORD-102877,2024-06-23,South,Electronics,Corporate,7,134.06,0.0,938.42,325.0,4.0,No
ORD-101356,2024-06-23,East,Clothing,Corporate,2,57.11,0.2,91.38,13.39,6.0,No
ORD-101208,2024-06-23,South,Furniture,Consumer,1,464.11,0.0,464.11,147.34,4.0,No
ORD-102024,2024-06-23,East,Office Supplies,Consumer,7,85.83,0.0,600.81,200.31,5.0,No
ORD-101503,2024-06-24,South,Office Supplies,Consumer,1,27.74,0.05,26.35,6.11,5.0,No
ORD-101717,2024-06-24,East,Office Supplies,Home Office,5,56.9,0.0,284.5,92.89,1.0,No
ORD-102195,2024-06-24,West,Clothing,Consumer,4,144.4,0.0,577.6,187.52,2.0,Yes
ORD-101664,2024-06-24,Central,Office Supplies,Consumer,5,25.43,0.1,114.44,22.2,7.0,No
ORD-102590,2024-06-24,West,Furniture,Corporate,8,126.49,0.1,910.73,144.9,3.0,No
ORD-101250,2024-06-24,North,Furniture,Corporate,2,680.63,0.15,1157.07,219.36,4.0,No
ORD-101367,2024-06-25,North,Office Supplies,Corporate,8,46.25,0.2,296.0,52.46,5.0,No
ORD-102025,2024-06-25,South,Office Supplies,Consumer,6,20.2,0.0,121.2,30.63,6.0,No
ORD-100209,2024-06-25,East,Electronics,Home Office,3,199.82,0.05,569.49,196.89,1.0,No
ORD-102975,2024-06-25,West,Electronics,Consumer,7,80.05,0.05,532.33,92.88,4.0,No
ORD-102562,2024-06-25,West,Electronics,Home Office,6,102.42,0.05,583.79,173.62,6.0,No
ORD-101710,2024-06-25,West,Office Supplies,Consumer,8,41.07,0.0,328.56,122.55,1.0,No
ORD-102138,2024-06-25,West,Electronics,Corporate,3,176.44,0.0,529.32,209.39,4.0,Yes
ORD-102153,2024-06-25,West,Electronics,Home Office,2,209.23,,418.46,126.52,3.0,No
ORD-101404,2024-06-26,North,Office Supplies,Corporate,2,30.4,0.2,48.64,9.17,12.0,No
ORD-101753,2024-06-26,West,Office Supplies,Home Office,5,41.3,0.0,206.5,55.63,5.0,No
ORD-101712,2024-06-26,Central,Office Supplies,Consumer,5,21.67,0.0,108.35,29.95,10.0,No
ORD-102210,2024-06-26,Central,Office Supplies,Consumer,1,28.96,0.2,23.17,4.33,4.0,No
ORD-100817,2024-06-26,East,Electronics,Consumer,4,324.77,0.05,1234.13,431.02,6.0,No
ORD-100396,2024-06-27,West,Electronics,Corporate,1,236.09,0.15,200.68,32.08,5.0,Yes
ORD-101118,2024-06-28,South,Furniture,Consumer,6,89.03,0.0,534.18,192.05,5.0,No
ORD-102266,2024-06-28,West,Furniture,Home Office,7,252.46,0.05,1678.86,483.32,3.0,No
ORD-100790,2024-06-28,North,Electronics,Consumer,3,119.6,0.0,358.8,124.92,5.0,No
ORD-102430,2024-06-28,West,Furniture,Consumer,2,183.65,0.2,293.84,23.6,6.0,Yes
ORD-101342,2024-06-29,East,Office Supplies,Home Office,2,50.5,0.2,80.8,14.59,6.0,No
ORD-100626,2024-06-29,West,Clothing,Corporate,3,52.22,0.1,140.99,39.28,9.0,Yes
ORD-100332,2024-06-29,West,Electronics,Consumer,6,121.05,0.15,617.35,107.98,4.0,No
ORD-102062,2024-06-29,East,Furniture,Corporate,8,239.3,0.2,1531.52,331.93,7.0,No
ORD-100892,2024-06-30,North,Office Supplies,Consumer,2,41.69,0.0,83.38,22.66,6.0,No
ORD-102528,2024-06-30,West,Clothing,Corporate,4,49.03,0.3,137.28,15.51,5.0,No
ORD-100262,2024-06-30,South,Electronics,Consumer,3,94.44,0.1,254.99,57.19,6.0,No
ORD-102259,2024-06-30,South,Electronics,Corporate,7,183.95,0.2,1030.12,205.65,2.0,No
ORD-101808,2024-07-01,South,Furniture,Home Office,7,287.99,0.15,1713.54,422.77,5.0,No
ORD-101963,2024-07-01,North,Electronics,Corporate,2,106.87,0.2,170.99,18.67,4.0,No
ORD-100214,2024-07-01,West,Electronics,Consumer,7,331.93,0.05,2207.33,634.72,6.0,Yes
ORD-100356,2024-07-01,West,Office Supplies,Consumer,6,28.44,0.0,170.64,65.32,6.0,No
ORD-100803,2024-07-01,East,Electronics,Consumer,2,185.98,0.05,353.36,89.04,1.0,No
ORD-101320,2024-07-01,East,Clothing,Consumer,5,199.37,0.0,996.85,321.0,4.0,No
ORD-101472,2024-07-01,North,Office Supplies,Consumer,2,40.39,0.0,80.78,25.15,,No
ORD-102458,2024-07-02,South,Electronics,Corporate,7,164.01,0.15,975.86,140.66,5.0,No
ORD-101964,2024-07-03,West,Electronics,Consumer,1,430.67,0.0,430.67,170.86,4.0,No
ORD-100612,2024-07-03,Central,Office Supplies,Consumer,5,22.61,0.0,113.05,42.42,6.0,No
ORD-102407,2024-07-03,South,Electronics,Corporate,5,114.17,0.0,570.85,209.84,4.0,No
ORD-100754,2024-07-04,West,Office Supplies,Consumer,5,26.88,0.05,127.68,29.56,4.0,No
ORD-102311,2024-07-04,North,Electronics,Consumer,6,195.72,0.0,1174.32,361.86,4.0,No
ORD-101592,2024-07-04,Central,Office Supplies,Home Office,6,61.19,0.1,330.43,75.71,7.0,No
ORD-101343,2024-07-04,East,Electronics,Consumer,2,100.71,0.05,191.35,50.96,6.0,No
ORD-101655,2024-07-05,South,Clothing,Corporate,7,77.43,0.1,487.81,95.93,2.0,No
ORD-102971,2024-07-05,East,Electronics,Consumer,5,121.9,0.1,548.55,107.51,7.0,No
ORD-102170,2024-07-05,South,Office Supplies,Home Office,4,10.76,0.0,43.04,14.65,1.0,No
ORD-101357,2024-07-06,East,Furniture,Consumer,3,1575.22,0.05,4489.38,1302.02,2.0,No
ORD-102999,2024-07-06,North,Clothing,Corporate,3,45.94,0.15,117.15,24.97,2.0,No
ORD-101738,2024-07-06,East,Electronics,Consumer,3,199.72,0.0,599.16,242.71,6.0,No
ORD-101705,2024-07-06,Central,Furniture,Consumer,2,135.39,0.0,270.78,106.53,3.0,No
ORD-102166,2024-07-06,Central,Furniture,Corporate,3,198.19,0.3,416.2,-2.51,6.0,No
ORD-100429,2024-07-07,West,Clothing,Consumer,2,44.78,0.05,85.08,26.18,3.0,Yes
ORD-100608,2024-07-07,West,Electronics,Consumer,2,116.05,0.0,232.1,51.35,4.0,No
ORD-102672,2024-07-07,South,Furniture,Home Office,3,213.7,0.1,576.99,135.74,1.0,No
ORD-100919,2024-07-08,East,Furniture,Corporate,2,199.31,0.2,318.9,50.12,7.0,No
ORD-102993,2024-07-08,East,Clothing,Consumer,2,70.52,0.0,141.04,57.4,4.0,No
ORD-101894,2024-07-08,South,Office Supplies,Consumer,6,24.82,0.05,141.47,39.04,2.0,No
ORD-100737,2024-07-08,South,Office Supplies,Corporate,4,25.17,0.1,90.61,24.02,7.0,No
ORD-102748,2024-07-08,East,Clothing,Corporate,2,41.6,0.1,74.88,21.21,4.0,No
ORD-100685,2024-07-09,South,Electronics,Consumer,8,136.68,0.05,1038.77,287.94,3.0,No
ORD-101994,2024-07-09,East,Office Supplies,Consumer,2,55.32,0.05,105.11,32.29,6.0,Yes
ORD-102175,2024-07-09,East,Electronics,Home Office,8,301.97,0.0,2415.76,832.99,3.0,No
ORD-102404,2024-07-09,West,Office Supplies,Home Office,6,28.17,0.0,169.02,51.99,4.0,No
ORD-101853,2024-07-09,West,Electronics,Consumer,3,188.96,0.1,510.19,132.57,6.0,Yes
ORD-101875,2024-07-09,West,Office Supplies,Consumer,7,33.91,0.05,225.5,69.75,5.0,No
ORD-101618,2024-07-09,Central,Furniture,Corporate,4,394.69,0.0,1578.76,538.72,5.0,No
ORD-101560,2024-07-09,Central,Clothing,Home Office,2,32.31,0.0,64.62,17.24,4.0,No
ORD-102613,2024-07-09,West,Office Supplies,Consumer,6,29.49,0.15,150.4,22.06,4.0,No
ORD-100871,2024-07-09,North,Electronics,Corporate,6,228.36,0.0,1370.16,412.37,6.0,No
ORD-100554,2024-07-09,North,Furniture,Consumer,6,203.72,0.15,1038.97,148.04,1.0,Yes
ORD-100050,2024-07-10,North,Clothing,Consumer,5,26.16,0.05,124.26,22.94,2.0,Yes
ORD-101432,2024-07-10,North,Clothing,Corporate,7,44.19,0.2,247.46,45.92,4.0,No
ORD-101314,2024-07-10,North,Electronics,Consumer,4,249.76,0.05,949.09,252.05,4.0,No
ORD-102985,2024-07-10,North,Furniture,Corporate,4,127.73,0.1,459.83,144.99,6.0,No
ORD-100475,2024-07-10,South,Furniture,Consumer,6,71.97,0.0,431.82,167.68,3.0,No
ORD-100698,2024-07-11,East,Electronics,Corporate,8,231.68,0.15,1575.42,349.47,4.0,No
ORD-102323,2024-07-11,North,Electronics,Home Office,6,132.53,0.15,675.9,120.39,5.0,Yes
ORD-100092,2024-07-11,East,Clothing,Corporate,3,37.92,0.1,102.38,28.0,4.0,No
ORD-102929,2024-07-11,West,Electronics,Consumer,4,201.42,0.15,684.83,148.2,2.0,No
ORD-101858,2024-07-11,North,Electronics,Home Office,2,220.02,0.05,418.04,108.14,7.0,No
ORD-101477,2024-07-11,Central,Electronics,Consumer,3,183.6,0.05,523.26,177.76,5.0,Yes
ORD-102653,2024-07-11,West,Furniture,Consumer,4,607.1,0.0,2428.4,940.74,3.0,No
ORD-101065,2024-07-12,Central,Office Supplies,Corporate,2,24.38,0.2,39.01,4.54,7.0,No
ORD-100221,2024-07-12,East,Clothing,Consumer,7,37.66,0.05,250.44,76.8,5.0,Yes
ORD-102895,2024-07-13,North,Office Supplies,Consumer,4,32.73,0.0,130.92,49.97,2.0,No
ORD-102292,2024-07-13,East,Clothing,Consumer,5,50.97,0.15,216.62,57.81,6.0,No
ORD-100615,2024-07-13,West,Office Supplies,Consumer,7,16.31,0.0,114.17,41.1,5.0,No
ORD-101704,2024-07-13,East,Electronics,Consumer,2,261.09,0.0,522.18,198.94,1.0,No
ORD-101111,2024-07-14,South,Clothing,Corporate,5,59.84,0.3,209.44,6.08,4.0,Yes
ORD-101912,2024-07-14,Central,Furniture,Consumer,2,94.16,0.1,169.49,47.33,7.0,No
ORD-101171,2024-07-14,West,Office Supplies,Corporate,2,30.1,0.2,48.16,8.71,3.0,No
ORD-101761,2024-07-15,North,Office Supplies,Home Office,2,51.37,0.0,102.74,28.56,6.0,Yes
ORD-100531,2024-07-15,West,Electronics,Home Office,1,61.65,0.15,52.4,10.69,,No
ORD-100544,2024-07-15,North,Furniture,Consumer,5,520.43,0.1,2341.94,450.56,2.0,No
ORD-101167,2024-07-16,East,Furniture,Consumer,3,1411.58,0.05,4023.0,1483.35,2.0,No
ORD-102284,2024-07-16,North,Electronics,Consumer,6,251.41,0.05,1433.04,441.24,3.0,No
ORD-102506,2024-07-16,Central,Electronics,Corporate,2,125.93,0.1,226.67,60.21,6.0,Yes
ORD-102623,2024-07-18,Central,Office Supplies,Corporate,2,19.74,0.15,33.56,5.31,5.0,No
ORD-100330,2024-07-18,West,Clothing,Consumer,3,70.27,0.0,210.81,86.72,2.0,No
ORD-101344,2024-07-18,Central,Office Supplies,Consumer,6,13.39,0.0,80.34,25.31,8.0,Yes
ORD-100042,2024-07-18,West,Office Supplies,Corporate,5,21.1,0.15,89.68,19.99,6.0,Yes
ORD-100564,2024-07-18,East,Clothing,Consumer,7,37.7,0.15,224.32,33.79,4.0,Yes
ORD-102859,2024-07-18,East,Electronics,Consumer,7,155.51,0.0,1088.57,362.89,2.0,Yes
ORD-102117,2024-07-20,North,Office Supplies,Consumer,1,42.52,0.05,40.39,11.68,3.0,No
ORD-100498,2024-07-20,South,Furniture,Consumer,5,360.63,0.0,1803.15,719.67,3.0,No
ORD-101464,2024-07-20,East,Electronics,Home Office,5,259.23,0.0,1296.15,411.73,3.0,No
ORD-100576,2024-07-20,Central,Clothing,Consumer,3,70.17,0.0,210.51,86.19,7.0,Yes
ORD-101948,2024-07-21,North,Office Supplies,Consumer,2,24.44,0.0,48.88,19.9,6.0,No
ORD-102321,2024-07-21,North,Office Supplies,Corporate,5,40.77,0.1,183.47,46.26,4.0,No
ORD-102515,2024-07-22,West,Clothing,Corporate,1,72.67,0.1,65.4,10.48,4.0,Yes
ORD-101062,2024-07-22,North,Electronics,Consumer,2,155.75,0.15,264.77,64.08,3.0,No
ORD-100421,2024-07-23,North,Furniture,Corporate,8,178.29,0.15,1212.37,246.81,,No
ORD-101412,2024-07-23,West,Office Supplies,Consumer,3,26.92,0.1,72.68,19.43,7.0,Yes
ORD-100951,2024-07-23,North,Clothing,Home Office,7,124.35,0.05,826.93,290.33,5.0,Yes
ORD-100229,2024-07-23,North,Office Supplies,Consumer,4,32.83,0.05,124.75,41.78,5.0,No
ORD-102723,2024-07-23,South,Clothing,Corporate,3,58.02,0.1,156.65,38.1,3.0,No
ORD-100745,2024-07-23,East,Office Supplies,Consumer,2,69.96,0.1,125.93,32.95,3.0,No
ORD-101285,2024-07-23,Central,Electronics,Home Office,5,36.19,0.1,162.85,21.73,7.0,No
ORD-101387,2024-07-23,South,Electronics,Consumer,4,122.39,0.1,440.6,137.08,6.0,No
ORD-101226,2024-07-24,East,Office Supplies,Consumer,1,39.65,0.0,39.65,11.57,5.0,No
ORD-101895,2024-07-24,North,Office Supplies,Corporate,4,54.43,,174.18,18.92,,No
ORD-101542,2024-07-24,South,Clothing,Corporate,5,46.47,0.3,162.64,16.6,5.0,No
ORD-101491,2024-07-24,West,Clothing,Home Office,8,37.35,0.15,253.98,51.66,1.0,No
ORD-102388,2024-07-24,West,Office Supplies,Consumer,1,59.32,0.0,59.32,24.16,8.0,Yes
ORD-101880,2024-07-24,East,Electronics,Consumer,8,129.61,0.15,881.35,230.34,2.0,Yes
ORD-100686,2024-07-25,South,Furniture,Home Office,1,84.81,0.0,84.81,20.75,9.0,No
ORD-102552,2024-07-25,East,Furniture,Corporate,3,96.44,0.0,289.32,85.45,5.0,No
ORD-102938,2024-07-25,North,Office Supplies,Consumer,1,23.98,0.05,22.78,6.31,6.0,No
ORD-102220,2024-07-26,South,Electronics,Consumer,2,199.35,0.15,338.9,100.3,3.0,No
ORD-100755,2024-07-26,North,Furniture,Consumer,7,564.44,0.15,3358.42,608.03,4.0,No
ORD-101032,2024-07-26,East,Office Supplies,Consumer,4,26.21,,104.84,40.1,4.0,No
ORD-102262,2024-07-26,East,Electronics,Home Office,5,207.07,0.05,983.58,372.84,8.0,No
ORD-101541,2024-07-26,North,Electronics,Consumer,4,285.92,0.1,1029.31,273.86,4.0,No
ORD-100656,2024-07-26,West,Electronics,Corporate,6,107.58,0.1,580.93,118.34,3.0,No
ORD-100862,2024-07-27,West,Office Supplies,Consumer,2,45.14,0.0,90.28,30.54,4.0,No
ORD-101303,2024-07-27,North,Furniture,Consumer,1,199.12,0.0,199.12,55.18,5.0,No
ORD-101122,2024-07-27,West,Clothing,Home Office,7,65.2,0.05,433.58,115.13,3.0,No
ORD-100331,2024-07-27,North,Electronics,Home Office,6,71.83,0.05,409.43,148.86,4.0,Yes
ORD-100939,2024-07-28,North,Electronics,Consumer,3,767.6,0.1,2072.52,622.24,6.0,No
ORD-101615,2024-07-28,North,Furniture,Corporate,6,217.87,0.0,1307.22,382.14,3.0,No
ORD-102660,2024-07-29,West,Furniture,Consumer,2,986.76,0.1,1776.17,427.8,,No
ORD-100115,2024-07-29,West,Office Supplies,Corporate,1,36.25,0.15,30.81,5.31,6.0,No
ORD-101025,2024-07-29,South,Clothing,Corporate,7,65.81,0.0,460.67,197.98,6.0,No
ORD-101115,2024-07-29,North,Electronics,Home Office,3,95.76,0.0,287.28,76.49,3.0,No
ORD-102420,2024-07-30,North,Furniture,Consumer,1,349.35,0.05,331.88,87.58,4.0,Yes
ORD-101067,2024-07-30,West,Office Supplies,Home Office,2,40.33,0.2,64.53,12.08,4.0,No
ORD-101248,2024-07-30,Central,Electronics,Corporate,1,84.26,0.1,75.83,19.79,8.0,Yes
ORD-101538,2024-07-30,West,Electronics,Consumer,8,114.08,0.1,821.38,232.29,5.0,No
ORD-101685,2024-07-31,North,Furniture,Home Office,8,225.28,,1712.13,442.82,4.0,No
ORD-102609,2024-07-31,South,Office Supplies,Consumer,8,33.14,0.05,251.86,71.63,5.0,No
ORD-102036,2024-07-31,Central,Clothing,Consumer,3,81.51,0.1,220.08,59.92,7.0,Yes
ORD-100684,2024-07-31,East,Electronics,Consumer,8,130.6,0.05,992.56,334.02,6.0,No
ORD-100490,2024-07-31,West,Office Supplies,Consumer,2,20.22,0.0,40.44,8.7,6.0,No
ORD-100008,2024-07-31,North,Electronics,Corporate,8,273.05,0.1,1965.96,439.51,4.0,No
ORD-102330,2024-07-31,East,Office Supplies,Consumer,6,25.64,0.0,153.84,43.44,2.0,No
ORD-101029,2024-07-31,South,Clothing,Home Office,3,30.88,,88.01,19.07,5.0,Yes
ORD-102746,2024-08-01,North,Electronics,Corporate,1,224.09,0.15,190.48,43.27,1.0,No
ORD-101034,2024-08-01,South,Electronics,Consumer,4,148.46,0.05,564.15,176.4,6.0,No
ORD-100034,2024-08-02,East,Clothing,Home Office,1,92.19,0.0,92.19,23.96,6.0,No
ORD-102009,2024-08-02,West,Furniture,Corporate,7,507.25,0.0,3550.75,1235.09,7.0,No
ORD-101855,2024-08-02,Central,Clothing,Corporate,7,95.82,0.2,536.59,44.24,7.0,Yes
ORD-102257,2024-08-02,West,Furniture,Consumer,4,268.26,0.1,965.74,210.13,4.0,No
ORD-101483,2024-08-02,North,Electronics,Corporate,1,395.64,0.2,316.51,51.14,1.0,No
ORD-100303,2024-08-02,East,Clothing,Consumer,6,25.79,0.1,139.27,30.57,5.0,No
ORD-100441,2024-08-02,North,Electronics,Home Office,6,226.98,0.2,1089.5,159.3,2.0,No
ORD-100446,2024-08-02,Central,Office Supplies,Corporate,2,38.8,0.1,69.84,12.58,5.0,No
ORD-101071,2024-08-02,East,Office Supplies,Consumer,6,17.26,0.05,98.38,40.05,6.0,No
ORD-101296,2024-08-03,North,Furniture,Corporate,5,744.24,0.0,3721.2,1246.61,3.0,No
ORD-101033,2024-08-03,Central,Office Supplies,Consumer,4,29.01,0.0,116.04,27.67,7.0,No
ORD-100447,2024-08-03,East,Office Supplies,Consumer,6,48.95,0.1,264.33,42.66,4.0,No
ORD-102537,2024-08-04,South,Office Supplies,Home Office,1,25.11,0.1,22.6,7.67,4.0,No
ORD-101589,2024-08-05,North,Clothing,Consumer,8,35.91,0.1,258.55,61.66,6.0,No
ORD-100856,2024-08-05,West,Clothing,Consumer,5,30.26,0.0,151.3,33.43,6.0,No
ORD-101797,2024-08-05,South,Office Supplies,Home Office,3,20.48,0.0,61.44,21.47,2.0,No
ORD-100730,2024-08-05,South,Clothing,Corporate,8,39.6,0.15,269.28,78.24,6.0,No
ORD-101484,2024-08-05,East,Clothing,Consumer,7,54.75,0.0,383.25,114.59,,No
ORD-101005,2024-08-06,South,Electronics,Consumer,2,142.08,0.15,241.54,39.66,9.0,No
ORD-102124,2024-08-06,South,Office Supplies,Home Office,8,48.33,0.1,347.98,89.83,6.0,No
ORD-101889,2024-08-06,East,Clothing,Corporate,2,60.73,0.15,103.24,12.26,7.0,No
ORD-100769,2024-08-06,East,Office Supplies,Consumer,8,12.88,0.05,97.89,29.73,6.0,No
ORD-101839,2024-08-06,West,Electronics,Consumer,4,308.54,0.1,1110.74,383.87,4.0,No
ORD-101056,2024-08-07,Central,Furniture,Home Office,7,482.51,0.15,2870.93,128.75,6.0,No
ORD-102444,2024-08-07,East,Clothing,Home Office,3,52.51,0.05,149.65,55.78,2.0,Yes
ORD-102469,2024-08-07,South,Electronics,Consumer,2,310.49,0.05,589.93,170.16,3.0,No
ORD-102657,2024-08-08,East,Office Supplies,Consumer,2,27.49,0.1,49.48,11.11,5.0,No
ORD-102987,2024-08-08,East,Furniture,Home Office,6,229.26,0.1,1238.0,293.49,7.0,No
ORD-100637,2024-08-08,West,Electronics,Corporate,7,171.97,0.0,1203.79,375.71,6.0,No
ORD-101550,2024-08-08,North,Electronics,Home Office,5,338.46,0.0,1692.3,483.85,3.0,No
ORD-102102,2024-08-08,West,Electronics,Corporate,2,186.69,0.15,317.37,68.81,3.0,No
ORD-100771,2024-08-08,East,Clothing,Corporate,2,57.51,0.1,103.52,26.93,6.0,No
ORD-101227,2024-08-09,East,Electronics,Consumer,1,310.75,0.0,310.75,73.37,6.0,No
ORD-102503,2024-08-09,West,Office Supplies,Corporate,7,26.21,0.15,155.95,35.36,6.0,No
ORD-100048,2024-08-09,West,Clothing,Consumer,2,27.15,0.1,48.87,13.97,4.0,No
ORD-101083,2024-08-09,West,Furniture,Consumer,2,163.73,0.0,327.46,78.45,6.0,Yes
ORD-101826,2024-08-10,East,Electronics,Corporate,8,95.28,0.1,686.02,97.08,4.0,No
ORD-101922,2024-08-11,East,Electronics,Corporate,6,330.13,0.1,1782.7,417.38,2.0,No
ORD-100481,2024-08-11,North,Office Supplies,Consumer,4,38.19,0.1,137.48,38.31,2.0,No
ORD-101360,2024-08-11,West,Electronics,Consumer,2,117.23,0.0,234.46,61.03,5.0,No
ORD-101267,2024-08-11,Central,Clothing,Corporate,4,25.72,0.15,87.45,15.19,3.0,Yes
ORD-102829,2024-08-11,West,Office Supplies,Home Office,7,34.51,0.05,229.49,66.35,1.0,No
ORD-101709,2024-08-11,South,Furniture,Corporate,1,58.5,0.2,46.8,8.29,5.0,No
ORD-101617,2024-08-11,East,Office Supplies,Corporate,3,38.91,0.1,105.06,26.14,3.0,No
ORD-101834,2024-08-12,North,Furniture,Corporate,2,101.48,0.2,162.37,13.62,4.0,No
ORD-101135,2024-08-12,South,Electronics,Corporate,5,240.38,0.1,1081.71,338.96,1.0,No
ORD-101985,2024-08-13,Central,Furniture,Consumer,8,368.68,0.05,2801.97,963.03,7.0,No
ORD-102616,2024-08-13,North,Furniture,Corporate,4,88.72,0.2,283.9,44.79,3.0,No
ORD-102482,2024-08-13,North,Furniture,Home Office,4,176.27,0.1,634.57,211.25,2.0,No
ORD-100744,2024-08-13,East,Electronics,Consumer,7,171.65,0.15,1021.32,110.59,7.0,Yes
ORD-101537,2024-08-14,West,Clothing,Home Office,8,48.16,0.05,366.02,140.25,5.0,No
ORD-102870,2024-08-14,East,Office Supplies,Corporate,2,24.31,0.3,34.03,-0.56,6.0,No
ORD-102267,2024-08-14,East,Clothing,Consumer,4,92.28,0.0,369.12,97.04,6.0,No
ORD-101928,2024-08-14,North,Office Supplies,Consumer,7,28.49,0.05,189.46,35.34,7.0,No
ORD-100721,2024-08-14,South,Office Supplies,Consumer,7,20.18,0.2,113.01,15.09,4.0,No
ORD-101469,2024-08-15,North,Electronics,Corporate,2,140.64,0.1,253.15,62.9,3.0,Yes
ORD-100387,2024-08-15,Central,Clothing,Consumer,6,87.06,0.1,470.12,117.86,10.0,Yes
ORD-100517,2024-08-15,West,Electronics,Corporate,5,158.79,0.15,674.86,149.97,5.0,No
ORD-102931,2024-08-15,North,Electronics,Consumer,6,169.99,0.05,968.94,208.42,3.0,No
ORD-101258,2024-08-15,East,Clothing,Corporate,1,43.19,0.2,34.55,5.73,2.0,No
ORD-100488,2024-08-15,East,Electronics,Consumer,7,74.7,0.05,496.75,149.12,3.0,No
ORD-102061,2024-08-15,South,Electronics,Consumer,2,592.02,0.1,1065.64,268.03,7.0,No
ORD-101694,2024-08-15,West,Furniture,Consumer,8,116.96,0.1,842.11,162.93,6.0,No
ORD-102800,2024-08-15,Central,Furniture,Consumer,7,443.09,0.2,2481.3,408.58,8.0,No
ORD-102130,2024-08-16,North,Furniture,Corporate,1,473.18,0.3,331.23,25.58,5.0,Yes
ORD-101317,2024-08-16,North,Office Supplies,Home Office,6,24.06,0.15,122.71,16.33,6.0,No
ORD-101442,2024-08-16,North,Clothing,Corporate,2,106.33,0.2,170.13,26.37,6.0,Yes
ORD-102163,2024-08-16,South,Furniture,Consumer,4,466.77,0.15,1587.02,291.3,4.0,Yes
ORD-101645,2024-08-16,East,Clothing,Consumer,1,45.04,0.1,40.54,12.14,6.0,No
ORD-101382,2024-08-16,East,Electronics,Home Office,7,147.8,0.05,982.87,292.19,4.0,No
ORD-100792,2024-08-16,South,Electronics,Corporate,3,239.64,0.15,611.08,149.8,4.0,No
ORD-100639,2024-08-17,Central,Office Supplies,Consumer,3,16.66,0.1,44.98,10.38,5.0,No
ORD-101653,2024-08-17,North,Electronics,Consumer,5,104.61,0.05,496.9,193.6,3.0,No
ORD-100728,2024-08-17,East,Office Supplies,Corporate,1,38.25,0.15,32.51,7.31,6.0,No
ORD-102628,2024-08-17,South,Electronics,Consumer,3,169.22,0.0,507.66,188.35,4.0,No
ORD-100816,2024-08-18,Central,Furniture,Corporate,3,418.45,0.1,1129.82,209.27,7.0,No
ORD-101917,2024-08-18,West,Office Supplies,Consumer,3,25.65,0.05,73.1,19.97,3.0,No
ORD-101627,2024-08-18,North,Furniture,Home Office,8,225.35,0.1,1622.52,173.98,,No
ORD-101931,2024-08-19,East,Office Supplies,Corporate,8,58.33,0.1,419.98,131.36,11.0,No
ORD-101353,2024-08-19,South,Electronics,Corporate,3,124.22,0.0,372.66,113.42,7.0,No
ORD-102608,2024-08-19,West,Furniture,Consumer,6,120.14,0.0,720.84,264.9,7.0,No
ORD-101380,2024-08-19,South,Office Supplies,Consumer,5,29.98,0.1,134.91,31.42,2.0,No
ORD-101487,2024-08-19,East,Electronics,Consumer,2,125.9,0.15,214.03,52.43,4.0,No
ORD-100001,2024-08-19,South,Office Supplies,Consumer,2,56.57,0.1,101.83,35.84,8.0,No
ORD-101708,2024-08-19,Central,Electronics,Consumer,4,459.97,0.0,1839.88,529.44,4.0,No
ORD-101680,2024-08-20,West,Clothing,Home Office,2,66.73,0.0,133.46,32.15,2.0,No
ORD-102619,2024-08-20,Central,Electronics,Corporate,3,150.8,0.1,407.16,109.76,6.0,No
ORD-101145,2024-08-20,South,Electronics,Corporate,3,174.97,0.15,446.17,97.08,3.0,No
ORD-101811,2024-08-20,East,Office Supplies,Corporate,6,23.37,0.2,112.18,23.77,6.0,No
ORD-100629,2024-08-21,West,Electronics,Corporate,4,222.83,0.15,757.62,144.21,2.0,Yes
ORD-101057,2024-08-21,North,Clothing,Consumer,4,64.45,0.2,206.24,22.44,1.0,No
ORD-101522,2024-08-22,Central,Office Supplies,Consumer,2,25.24,0.0,50.48,14.25,9.0,No
ORD-101863,2024-08-22,East,Office Supplies,Consumer,7,33.1,0.15,196.95,22.93,3.0,No
ORD-102373,2024-08-22,North,Office Supplies,Consumer,6,65.82,0.0,394.92,130.16,4.0,No
ORD-101836,2024-08-22,North,Electronics,Consumer,6,361.35,0.05,2059.7,591.58,9.0,No
ORD-102385,2024-08-22,West,Office Supplies,Consumer,3,24.91,0.05,70.99,23.52,6.0,No
ORD-101020,2024-08-22,Central,Electronics,Home Office,2,99.48,0.05,189.01,39.67,9.0,No
ORD-100795,2024-08-24,South,Office Supplies,Corporate,2,32.07,0.2,51.31,8.1,3.0,No
ORD-102249,2024-08-24,South,Clothing,Consumer,5,52.87,0.0,264.35,106.77,2.0,No
ORD-102167,2024-08-24,South,Office Supplies,Home Office,8,31.42,0.0,251.36,76.15,8.0,No
ORD-101195,2024-08-24,North,Office Supplies,Home Office,4,59.54,0.0,238.16,75.25,5.0,No
ORD-100254,2024-08-24,North,Electronics,Home Office,5,224.1,0.05,1064.47,299.82,2.0,No
ORD-102081,2024-08-24,North,Office Supplies,Corporate,1,24.43,0.2,19.54,3.43,4.0,No
ORD-102529,2024-08-24,East,Clothing,Consumer,4,206.58,0.0,826.32,318.69,2.0,Yes
ORD-100336,2024-08-24,North,Office Supplies,Consumer,1,33.05,0.15,28.09,7.89,2.0,No
ORD-102127,2024-08-25,South,Electronics,Corporate,1,309.99,0.15,263.49,53.53,6.0,No
ORD-100589,2024-08-25,North,Furniture,Consumer,8,337.65,0.1,2431.08,603.05,1.0,No
ORD-102840,2024-08-25,West,Furniture,Consumer,2,144.08,0.0,288.16,89.76,4.0,Yes
ORD-102828,2024-08-25,West,Office Supplies,Consumer,5,28.28,0.05,134.33,35.13,5.0,Yes
ORD-102817,2024-08-25,East,Electronics,Corporate,8,104.27,0.15,709.04,101.41,8.0,Yes
ORD-101347,2024-08-26,South,Clothing,Consumer,7,51.1,0.05,339.82,69.78,4.0,No
ORD-100477,2024-08-26,East,Clothing,Consumer,3,61.17,0.0,183.51,56.11,1.0,No
ORD-101518,2024-08-26,North,Office Supplies,Consumer,4,23.48,0.0,93.92,27.03,5.0,No
ORD-100007,2024-08-26,West,Electronics,Home Office,5,326.71,0.05,1551.87,464.11,5.0,No
ORD-100320,2024-08-26,Central,Electronics,Consumer,6,194.3,,1165.8,410.53,6.0,No
ORD-100635,2024-08-27,North,Electronics,Consumer,7,644.47,0.15,3834.6,806.05,6.0,No
ORD-102941,2024-08-27,North,Office Supplies,Consumer,8,37.56,0.0,300.48,99.39,1.0,No
ORD-100280,2024-08-27,North,Office Supplies,Corporate,4,57.4,0.15,195.16,32.8,7.0,Yes
ORD-101613,2024-08-27,South,Office Supplies,Consumer,2,17.29,0.05,32.85,10.4,2.0,No
ORD-102182,2024-08-27,West,Electronics,Consumer,4,304.52,0.0,1218.08,453.69,8.0,Yes
ORD-102351,2024-08-27,West,Office Supplies,Home Office,8,31.56,0.15,214.61,39.49,6.0,No
ORD-102679,2024-08-27,South,Furniture,Corporate,7,110.99,0.0,776.93,237.26,2.0,No
ORD-102513,2024-08-27,North,Furniture,Home Office,3,44.55,0.15,113.6,29.52,5.0,No
ORD-100693,2024-08-28,South,Office Supplies,Corporate,1,32.44,0.15,27.57,4.28,3.0,No
ORD-101509,2024-08-28,West,Furniture,Corporate,7,194.63,0.1,1226.17,275.26,1.0,No
ORD-101337,2024-08-28,East,Electronics,Consumer,6,275.16,0.1,1485.86,450.66,1.0,No
ORD-100513,2024-08-28,South,Clothing,Corporate,2,51.09,0.2,81.74,15.5,4.0,Yes
ORD-100237,2024-08-29,West,Furniture,Corporate,1,138.9,0.15,118.06,26.16,6.0,No
ORD-102566,2024-08-29,North,Office Supplies,Home Office,2,54.82,0.1,98.68,13.41,5.0,No
ORD-102095,2024-08-29,South,Office Supplies,Home Office,5,28.04,0.0,140.2,48.02,4.0,No
ORD-101440,2024-08-29,North,Electronics,Home Office,7,454.49,0.15,2704.22,362.0,1.0,No
ORD-101936,2024-08-29,East,Furniture,Consumer,6,287.74,0.0,1726.44,503.7,3.0,No
ORD-100767,2024-08-30,North,Furniture,Consumer,5,256.59,0.05,1218.8,320.92,13.0,No
ORD-101933,2024-08-30,West,Electronics,Consumer,5,101.62,0.1,457.29,99.51,4.0,No
ORD-100157,2024-08-30,East,Electronics,Consumer,5,154.36,0.15,656.03,140.82,,No
ORD-102343,2024-08-30,South,Office Supplies,Consumer,8,18.18,0.1,130.9,29.2,3.0,No
ORD-102640,2024-08-30,West,Furniture,Consumer,2,63.57,0.0,127.14,32.05,8.0,No
ORD-100808,2024-08-31,East,Clothing,Consumer,3,49.76,0.05,141.82,43.01,3.0,No
ORD-100049,2024-08-31,North,Electronics,Consumer,4,283.63,0.1,1021.07,247.01,2.0,No
ORD-101026,2024-08-31,Central,Office Supplies,Corporate,4,35.63,0.1,128.27,36.7,3.0,No
ORD-101697,2024-08-31,West,Office Supplies,Home Office,6,52.7,0.0,316.2,86.04,5.0,No
ORD-102891,2024-09-02,Central,Office Supplies,Corporate,3,27.5,0.0,82.5,25.97,9.0,No
ORD-100167,2024-09-02,West,Electronics,Consumer,6,305.83,0.15,1559.73,198.7,2.0,No
ORD-102834,2024-09-02,West,Office Supplies,Consumer,1,51.48,0.15,43.76,10.97,,No
ORD-101244,2024-09-02,South,Office Supplies,Consumer,2,22.84,0.05,43.4,11.29,5.0,No
ORD-101036,2024-09-02,South,Furniture,Consumer,7,82.33,0.0,576.31,211.4,2.0,No
ORD-101989,2024-09-03,North,Electronics,Home Office,1,189.65,0.0,189.65,52.54,3.0,No
ORD-102492,2024-09-03,North,Electronics,Consumer,8,197.85,0.2,1266.24,123.72,1.0,No
ORD-101073,2024-09-03,Central,Electronics,Corporate,8,191.1,0.0,1528.8,405.08,,No
ORD-100376,2024-09-03,Central,Electronics,Consumer,6,88.88,0.0,533.28,103.79,4.0,No
ORD-101407,2024-09-04,North,Furniture,Corporate,4,187.65,0.2,600.48,128.95,4.0,No
ORD-100743,2024-09-04,North,Office Supplies,Consumer,4,18.42,0.05,70.0,18.47,6.0,Yes
ORD-102006,2024-09-04,East,Office Supplies,Corporate,2,31.55,0.0,63.1,15.18,3.0,No
ORD-101203,2024-09-04,West,Office Supplies,Home Office,2,44.39,0.1,79.9,11.54,3.0,No
ORD-102574,2024-09-04,East,Furniture,Home Office,4,89.65,0.15,304.81,64.32,7.0,No
ORD-101795,2024-09-04,South,Electronics,Corporate,1,229.89,0.2,183.91,25.42,3.0,Yes
ORD-100040,2024-09-05,South,Furniture,Consumer,7,65.43,0.0,458.01,136.02,6.0,No
ORD-100187,2024-09-05,North,Clothing,Consumer,1,78.54,0.05,74.61,26.02,5.0,No
ORD-100633,2024-09-05,South,Furniture,Corporate,5,356.76,0.2,1427.04,319.96,2.0,No
ORD-100976,2024-09-06,East,Electronics,Home Office,4,160.81,0.1,578.92,98.26,3.0,No
ORD-101276,2024-09-06,North,Furniture,Consumer,2,166.81,0.0,333.62,112.72,2.0,No
ORD-100241,2024-09-06,West,Office Supplies,Consumer,2,88.01,0.15,149.62,29.09,2.0,No
ORD-102572,2024-09-06,West,Office Supplies,Corporate,3,21.83,0.3,45.84,-0.08,4.0,Yes
ORD-102957,2024-09-06,North,Electronics,Corporate,3,86.88,0.0,260.64,95.14,3.0,No
ORD-101049,2024-09-07,North,Office Supplies,Consumer,6,51.65,0.0,309.9,104.28,3.0,No
ORD-101910,2024-09-07,North,Electronics,Home Office,5,149.6,0.0,748.0,215.82,4.0,No
ORD-100904,2024-09-07,Central,Furniture,Consumer,6,127.2,0.05,725.04,227.71,5.0,No
ORD-101328,2024-09-07,South,Clothing,Consumer,8,162.58,0.05,1235.61,347.98,3.0,No
ORD-101188,2024-09-07,North,Electronics,Consumer,6,209.99,0.0,1259.94,414.54,6.0,No
ORD-100372,2024-09-07,South,Clothing,Home Office,7,97.83,0.2,547.85,42.35,7.0,No
ORD-101727,2024-09-07,Central,Electronics,Consumer,8,169.65,0.1,1221.48,320.27,8.0,No
ORD-100363,2024-09-08,North,Office Supplies,Consumer,7,48.91,0.05,325.25,76.67,2.0,No
ORD-101636,2024-09-08,South,Furniture,Consumer,5,123.55,0.15,525.09,111.08,7.0,No
ORD-101261,2024-09-08,South,Clothing,Home Office,6,47.99,0.05,273.54,83.12,3.0,No
ORD-102903,2024-09-08,Central,Office Supplies,Consumer,5,58.85,0.0,294.25,88.93,6.0,No
ORD-100973,2024-09-09,Central,Electronics,Home Office,3,264.01,0.05,752.43,181.76,6.0,No
ORD-100453,2024-09-09,North,Electronics,Consumer,1,325.62,0.0,325.62,104.06,3.0,No
ORD-100820,2024-09-09,North,Office Supplies,Corporate,8,24.29,0.1,174.89,42.14,3.0,No
ORD-101130,2024-09-09,Central,Office Supplies,Consumer,6,59.5,0.2,285.6,24.02,4.0,No
ORD-100508,2024-09-10,East,Office Supplies,Corporate,8,25.44,0.15,172.99,33.95,4.0,No
ORD-102174,2024-09-10,South,Electronics,Consumer,4,378.97,0.15,1288.5,179.46,,No
ORD-101786,2024-09-10,South,Furniture,Corporate,8,515.99,0.1,3715.13,544.51,2.0,No
ORD-101643,2024-09-11,North,Electronics,Corporate,3,146.85,0.1,396.49,106.58,3.0,No
ORD-100736,2024-09-11,North,Electronics,Consumer,8,203.37,0.2,1301.57,244.27,4.0,Yes
ORD-101633,2024-09-11,West,Electronics,Corporate,2,304.17,0.1,547.51,128.92,4.0,No
ORD-101152,2024-09-11,North,Furniture,Home Office,6,112.08,0.0,672.48,235.29,6.0,No
ORD-100301,2024-09-12,North,Furniture,Consumer,5,322.06,0.05,1529.78,405.28,4.0,No
ORD-102445,2024-09-12,East,Electronics,Consumer,2,160.01,0.05,304.02,58.77,4.0,No
ORD-100272,2024-09-12,North,Office Supplies,Corporate,1,49.02,0.15,41.67,7.74,2.0,Yes
ORD-101937,2024-09-12,East,Office Supplies,Consumer,8,35.0,0.0,280.0,95.21,1.0,No
ORD-102901,2024-09-12,Central,Electronics,Home Office,7,205.34,0.05,1365.51,338.34,7.0,No
ORD-100003,2024-09-13,West,Office Supplies,Consumer,3,38.66,0.15,98.58,15.8,4.0,No
ORD-102618,2024-09-13,West,Office Supplies,Consumer,2,51.3,0.05,97.47,23.71,2.0,No
ORD-101920,2024-09-13,East,Furniture,Corporate,3,285.91,0.0,857.73,246.98,3.0,No
ORD-100416,2024-09-13,North,Office Supplies,Consumer,8,28.33,0.05,215.31,45.57,6.0,No
ORD-101112,2024-09-13,East,Office Supplies,Corporate,7,56.52,0.2,316.51,40.61,4.0,No
ORD-101185,2024-09-13,West,Clothing,Consumer,6,39.43,0.0,236.58,62.3,5.0,No
ORD-102376,2024-09-14,Central,Electronics,Corporate,6,68.62,0.1,370.55,115.92,5.0,No
ORD-100968,2024-09-14,East,Furniture,Corporate,8,1037.91,0.2,6642.62,1149.19,4.0,No
ORD-101030,2024-09-14,East,Office Supplies,Consumer,4,30.82,0.0,123.28,43.25,3.0,No
ORD-101336,2024-09-14,North,Electronics,Corporate,6,153.41,0.0,920.46,302.27,4.0,No
ORD-101431,2024-09-15,East,Clothing,Corporate,6,63.24,0.1,341.5,80.1,3.0,No
ORD-102462,2024-09-15,North,Electronics,Corporate,8,284.54,0.1,2048.69,466.87,2.0,No
ORD-102690,2024-09-16,Central,Office Supplies,Consumer,1,40.31,0.05,38.29,12.61,8.0,Yes
ORD-101999,2024-09-16,East,Office Supplies,Home Office,6,38.1,0.1,205.74,46.52,5.0,No
ORD-100349,2024-09-16,North,Furniture,Corporate,5,77.46,0.2,309.84,60.9,7.0,No
ORD-102655,2024-09-16,Central,Electronics,Consumer,5,233.96,0.0,1169.8,350.76,8.0,Yes
ORD-100234,2024-09-16,Central,Electronics,Consumer,2,271.22,0.15,461.07,94.25,3.0,No
ORD-102631,2024-09-17,East,Electronics,Consumer,2,118.68,0.0,237.36,78.64,3.0,No
ORD-101873,2024-09-17,Central,Office Supplies,Consumer,4,10.53,0.1,37.91,10.41,8.0,No
ORD-101257,2024-09-17,West,Office Supplies,Home Office,5,16.1,0.05,76.47,17.37,1.0,No
ORD-102952,2024-09-17,North,Office Supplies,Consumer,8,43.75,0.05,332.5,87.15,3.0,No
ORD-102173,2024-09-18,North,Electronics,Corporate,4,519.55,0.0,2078.2,640.45,1.0,No
ORD-102317,2024-09-18,West,Clothing,Home Office,6,54.21,0.1,292.73,66.48,5.0,Yes
ORD-100761,2024-09-18,North,Furniture,Corporate,7,630.37,0.0,4412.59,1961.49,6.0,No
ORD-100982,2024-09-19,West,Office Supplies,Consumer,8,27.79,0.0,222.32,61.04,3.0,No
ORD-102110,2024-09-19,East,Electronics,Consumer,7,168.97,0.1,1064.51,235.55,3.0,No
ORD-100460,2024-09-19,East,Office Supplies,Consumer,5,59.86,0.0,299.3,116.79,2.0,No
ORD-100833,2024-09-19,West,Office Supplies,Home Office,4,40.58,0.0,162.32,46.82,4.0,No
ORD-100245,2024-09-20,Central,Office Supplies,Consumer,4,56.69,0.15,192.75,29.1,4.0,No
ORD-102585,2024-09-20,East,Clothing,Consumer,8,20.95,0.1,150.84,41.51,4.0,Yes
ORD-101539,2024-09-20,East,Furniture,Consumer,5,223.83,0.1,1007.24,244.6,3.0,No
ORD-101938,2024-09-20,North,Office Supplies,Consumer,4,26.35,,84.32,13.35,5.0,No
ORD-100716,2024-09-20,East,Office Supplies,Corporate,5,32.79,0.0,163.95,68.29,6.0,No
ORD-100823,2024-09-20,West,Electronics,Consumer,1,409.78,,389.29,113.7,2.0,No
ORD-100059,2024-09-20,North,Electronics,Home Office,2,476.89,0.0,953.78,341.73,2.0,No
ORD-101420,2024-09-21,West,Furniture,Consumer,4,97.52,0.0,390.08,131.66,6.0,Yes
ORD-102599,2024-09-21,Central,Office Supplies,Consumer,1,23.57,0.1,21.21,5.6,5.0,No
ORD-102180,2024-09-21,West,Office Supplies,Consumer,6,25.47,0.15,129.9,15.86,2.0,No
ORD-100898,2024-09-21,North,Electronics,Corporate,8,179.98,0.3,1007.89,-18.05,5.0,Yes
ORD-101457,2024-09-21,South,Office Supplies,Corporate,6,29.84,0.15,152.18,19.79,3.0,No
ORD-101511,2024-09-21,North,Office Supplies,Corporate,7,68.34,0.1,430.54,96.42,2.0,No
ORD-100448,2024-09-21,North,Furniture,Corporate,4,252.31,0.2,807.39,104.11,4.0,No
ORD-101782,2024-09-22,South,Clothing,Consumer,2,43.81,0.05,83.24,26.57,3.0,No
ORD-100845,2024-09-22,Central,Office Supplies,Consumer,7,27.96,0.0,195.72,65.2,7.0,No
ORD-101104,2024-09-22,North,Clothing,Consumer,3,95.95,0.0,287.85,97.57,3.0,No
ORD-100418,2024-09-22,North,Electronics,Home Office,7,35.29,,222.33,49.18,2.0,No
ORD-102896,2024-09-23,Central,Electronics,Consumer,8,105.65,0.2,676.16,135.95,3.0,No
ORD-101410,2024-09-24,West,Furniture,Corporate,8,103.41,0.2,661.82,101.87,1.0,No
ORD-100855,2024-09-24,East,Electronics,Consumer,2,101.49,0.05,192.83,59.46,7.0,No
ORD-102526,2024-09-25,Central,Furniture,Home Office,2,32.72,,62.17,18.0,5.0,No
ORD-102217,2024-09-25,Central,Electronics,Corporate,8,112.06,0.15,762.01,194.59,11.0,No
ORD-100789,2024-09-25,East,Office Supplies,Home Office,7,62.69,0.15,373.01,69.71,4.0,No
ORD-102611,2024-09-25,West,Office Supplies,Corporate,2,51.72,0.15,87.92,7.3,7.0,Yes
ORD-100121,2024-09-25,East,Furniture,Consumer,2,85.32,0.05,162.11,46.8,10.0,No
ORD-101629,2024-09-26,South,Electronics,Home Office,7,425.15,0.1,2678.44,710.35,4.0,No
ORD-100445,2024-09-26,West,Furniture,Consumer,6,231.44,0.1,1249.78,430.06,8.0,No
ORD-102446,2024-09-26,North,Clothing,Consumer,3,53.75,0.0,161.25,51.32,4.0,No
ORD-102252,2024-09-26,South,Electronics,Corporate,4,268.25,0.15,912.05,81.96,2.0,No
ORD-100741,2024-09-27,North,Electronics,Consumer,6,90.95,0.0,545.7,186.07,1.0,Yes
ORD-102803,2024-09-27,East,Office Supplies,Consumer,1,26.18,0.05,24.87,7.47,5.0,No
ORD-102049,2024-09-27,South,Clothing,Corporate,5,37.07,0.2,148.28,15.43,5.0,No
ORD-101649,2024-09-27,West,Office Supplies,Corporate,5,27.94,0.0,139.7,40.62,6.0,No
ORD-100677,2024-09-28,East,Office Supplies,Home Office,5,20.94,0.0,104.7,31.95,2.0,No
ORD-101375,2024-09-28,North,Electronics,Consumer,4,125.07,0.0,500.28,187.57,3.0,No
ORD-102638,2024-09-28,West,Electronics,Corporate,6,130.26,0.0,781.56,326.63,2.0,No
ORD-100516,2024-09-28,South,Office Supplies,Corporate,6,29.24,0.0,175.44,39.83,3.0,No
ORD-102504,2024-09-28,South,Clothing,Corporate,5,101.53,0.15,431.5,61.05,3.0,No
ORD-100316,2024-09-29,South,Office Supplies,Corporate,6,37.85,0.2,181.68,45.35,4.0,No
ORD-100725,2024-09-30,North,Office Supplies,Consumer,8,13.32,0.05,101.23,17.72,5.0,No
ORD-101760,2024-09-30,South,Office Supplies,Consumer,4,21.05,0.1,75.78,15.43,3.0,No
ORD-102088,2024-09-30,West,Clothing,Consumer,4,71.48,0.05,271.62,32.08,5.0,No
ORD-101018,2024-09-30,North,Electronics,Consumer,8,240.69,0.0,1925.52,637.78,5.0,Yes
ORD-102218,2024-10-01,Central,Furniture,Consumer,6,106.46,0.15,542.95,136.59,5.0,No
ORD-100748,2024-10-01,West,Furniture,Consumer,7,1195.64,0.2,6695.58,1013.96,2.0,No
ORD-100470,2024-10-01,South,Furniture,Consumer,8,315.34,0.1,2270.45,536.46,3.0,No
ORD-102845,2024-10-01,East,Clothing,Corporate,4,95.99,0.15,326.37,59.16,2.0,No
ORD-100495,2024-10-01,East,Clothing,Consumer,4,68.24,0.0,272.96,83.66,9.0,Yes
ORD-100112,2024-10-02,South,Office Supplies,Consumer,2,17.41,0.05,33.08,10.96,2.0,No
ORD-102761,2024-10-02,Central,Clothing,Consumer,6,43.29,0.1,233.77,57.75,2.0,No
ORD-101857,2024-10-02,South,Office Supplies,Consumer,5,23.98,0.05,113.9,31.81,3.0,No
ORD-102465,2024-10-02,West,Clothing,Consumer,8,70.22,0.0,561.76,206.71,3.0,No
ORD-101812,2024-10-03,West,Office Supplies,Corporate,7,36.71,,205.58,47.53,5.0,No
ORD-102098,2024-10-03,North,Clothing,Consumer,6,50.45,0.05,287.57,86.81,2.0,No
ORD-101823,2024-10-03,East,Office Supplies,Consumer,6,32.31,0.0,193.86,45.65,5.0,No
ORD-100580,2024-10-04,East,Office Supplies,Home Office,3,49.44,0.0,148.32,48.23,2.0,No
ORD-101827,2024-10-04,East,Furniture,Consumer,4,132.04,0.15,448.94,70.4,4.0,No
ORD-101097,2024-10-04,West,Office Supplies,Consumer,8,59.65,0.05,453.34,136.52,2.0,No
ORD-102857,2024-10-04,South,Office Supplies,Home Office,6,18.94,0.0,113.64,42.94,6.0,No
ORD-101749,2024-10-04,East,Electronics,Corporate,4,129.76,0.2,415.23,75.91,4.0,No
ORD-100109,2024-10-04,Central,Clothing,Corporate,7,31.18,0.0,218.26,59.96,7.0,No
ORD-102058,2024-10-04,North,Office Supplies,Corporate,8,44.79,0.1,322.49,92.93,8.0,No
ORD-100598,2024-10-04,Central,Clothing,Consumer,3,58.21,0.0,174.63,54.11,5.0,No
ORD-101943,2024-10-04,North,Clothing,Consumer,1,225.87,0.0,225.87,82.0,3.0,No
ORD-102296,2024-10-04,West,Clothing,Corporate,5,41.66,0.0,208.3,48.46,6.0,No
ORD-101424,2024-10-05,South,Office Supplies,Corporate,5,34.8,0.2,139.2,14.02,4.0,No
ORD-100103,2024-10-05,Central,Office Supplies,Home Office,2,37.22,0.05,70.72,23.9,7.0,No
ORD-101287,2024-10-05,South,Electronics,Consumer,2,366.94,,733.88,274.12,,No
ORD-101281,2024-10-05,South,Furniture,Consumer,2,232.33,0.0,464.66,141.87,4.0,No
ORD-101900,2024-10-05,East,Office Supplies,Consumer,6,60.6,0.1,327.24,84.75,,No
ORD-102811,2024-10-05,Central,Electronics,Home Office,4,142.79,0.0,571.16,159.31,2.0,No
ORD-100366,2024-10-05,West,Office Supplies,Consumer,2,35.13,0.05,66.75,16.59,2.0,No
ORD-100571,2024-10-06,West,Electronics,Corporate,8,126.39,0.15,859.45,190.08,6.0,No
ORD-100156,2024-10-06,South,Electronics,Consumer,2,46.51,0.0,93.02,31.39,,No
ORD-100632,2024-10-06,North,Office Supplies,Home Office,3,37.72,0.0,113.16,29.4,7.0,No
ORD-102047,2024-10-07,East,Clothing,Home Office,4,93.52,0.05,355.38,112.26,7.0,No
ORD-100057,2024-10-07,East,Electronics,Corporate,5,49.74,0.2,198.96,51.28,3.0,No
ORD-102570,2024-10-07,North,Electronics,Corporate,3,151.44,0.1,408.89,74.57,6.0,Yes
ORD-101168,2024-10-07,West,Office Supplies,Corporate,1,24.57,0.2,19.66,3.96,5.0,No
ORD-100522,2024-10-08,North,Electronics,Consumer,3,121.18,0.0,363.54,129.05,3.0,No
ORD-100491,2024-10-08,East,Electronics,Corporate,7,89.95,0.2,503.72,52.33,4.0,Yes
ORD-101386,2024-10-08,West,Furniture,Corporate,8,199.5,0.1,1436.4,422.57,7.0,No
ORD-102079,2024-10-08,North,Office Supplies,Home Office,4,19.55,0.1,70.38,14.31,6.0,No
ORD-100410,2024-10-08,West,Office Supplies,Consumer,3,37.23,0.0,111.69,29.72,2.0,No
ORD-101562,2024-10-09,Central,Electronics,Consumer,8,55.87,0.0,446.96,150.78,4.0,No
ORD-100359,2024-10-09,East,Office Supplies,Consumer,1,40.58,0.15,34.49,8.06,2.0,No
ORD-100343,2024-10-09,East,Electronics,Consumer,5,268.29,0.1,1207.3,202.36,3.0,No
ORD-101240,2024-10-09,Central,Office Supplies,Corporate,8,31.83,0.1,229.18,57.63,9.0,No
ORD-102688,2024-10-09,North,Office Supplies,Consumer,8,43.38,0.0,347.04,127.15,3.0,No
ORD-100357,2024-10-10,West,Office Supplies,Home Office,4,23.04,0.0,92.16,35.12,6.0,No
ORD-101508,2024-10-10,North,Office Supplies,Corporate,8,29.91,0.0,239.28,68.1,3.0,No
ORD-102408,2024-10-10,South,Electronics,Home Office,7,126.93,0.1,799.66,206.99,5.0,Yes
ORD-100901,2024-10-11,North,Clothing,Corporate,5,119.23,0.0,596.15,172.89,4.0,Yes
ORD-101369,2024-10-11,South,Furniture,Home Office,7,395.05,0.05,2627.08,929.3,7.0,Yes
ORD-101286,2024-10-11,South,Clothing,Corporate,6,125.39,0.1,677.11,178.39,6.0,No
ORD-102798,2024-10-12,West,Office Supplies,Consumer,6,58.57,0.05,333.85,81.97,3.0,No
ORD-101417,2024-10-12,East,Electronics,Home Office,7,466.03,0.1,2935.99,600.41,2.0,Yes
ORD-101790,2024-10-13,West,Office Supplies,Corporate,8,42.39,0.15,288.25,57.41,4.0,Yes
ORD-101978,2024-10-13,West,Clothing,Home Office,3,80.47,0.1,217.27,60.68,11.0,No
ORD-101377,2024-10-13,Central,Electronics,Home Office,4,128.06,0.0,512.24,180.48,7.0,No
ORD-101517,2024-10-13,Central,Furniture,Corporate,2,142.12,0.0,284.24,89.17,7.0,Yes
ORD-100933,2024-10-14,West,Electronics,Corporate,5,269.84,0.15,1146.82,216.91,3.0,No
ORD-102176,2024-10-14,South,Electronics,Corporate,6,138.93,0.15,708.54,164.94,5.0,No
ORD-102508,2024-10-15,East,Office Supplies,Home Office,2,21.19,0.0,42.38,14.62,5.0,No
ORD-100532,2024-10-15,South,Office Supplies,Corporate,8,17.49,0.3,97.94,10.8,5.0,No
ORD-101883,2024-10-15,West,Furniture,Corporate,8,377.4,0.1,2717.28,796.73,1.0,Yes
ORD-102337,2024-10-15,South,Office Supplies,Consumer,1,27.95,0.0,27.95,6.13,3.0,No
ORD-102561,2024-10-15,West,Furniture,Consumer,8,873.27,0.1,6287.54,994.8,1.0,No
ORD-101452,2024-10-15,Central,Office Supplies,Consumer,1,26.7,0.1,24.03,4.62,3.0,No
ORD-102068,2024-10-15,North,Electronics,Consumer,5,113.52,0.2,454.08,80.09,3.0,No
ORD-101035,2024-10-15,East,Furniture,Corporate,5,2153.26,0.1,9689.67,2756.36,5.0,No
ORD-102194,2024-10-15,East,Clothing,Home Office,1,38.18,0.05,36.27,10.61,8.0,No
ORD-102477,2024-10-16,North,Office Supplies,Consumer,3,21.66,0.0,64.98,23.7,7.0,No
ORD-101590,2024-10-16,North,Electronics,Consumer,1,89.71,0.1,80.74,16.89,4.0,No
ORD-101202,2024-10-16,West,Electronics,Consumer,3,129.21,0.0,387.63,109.24,4.0,No
ORD-101679,2024-10-16,East,Clothing,Home Office,5,55.35,0.0,276.75,89.2,2.0,No
ORD-101675,2024-10-17,Central,Electronics,Corporate,3,170.78,0.2,409.87,51.77,5.0,No
ORD-102409,2024-10-17,Central,Clothing,Corporate,8,50.39,0.0,403.12,113.38,7.0,No
ORD-101278,2024-10-17,Central,Furniture,Corporate,2,213.73,0.0,427.46,157.01,7.0,No
ORD-101273,2024-10-18,East,Clothing,Consumer,2,77.72,0.1,139.9,22.37,3.0,No
ORD-102935,2024-10-18,East,Office Supplies,Home Office,3,13.16,0.1,35.53,6.75,12.0,No
ORD-100430,2024-10-18,Central,Office Supplies,Consumer,3,23.77,0.0,71.31,26.31,4.0,No
ORD-100104,2024-10-18,West,Office Supplies,Consumer,6,42.43,0.15,216.39,51.9,6.0,No
ORD-102275,2024-10-19,North,Office Supplies,Consumer,5,48.62,0.15,206.64,43.8,4.0,No
ORD-100505,2024-10-19,West,Office Supplies,Consumer,3,38.64,0.0,115.92,38.63,4.0,No
ORD-101816,2024-10-19,West,Electronics,Corporate,1,295.11,0.1,265.6,76.51,4.0,No
ORD-100878,2024-10-19,East,Electronics,Corporate,8,270.7,0.2,1732.48,476.93,2.0,No
ORD-102658,2024-10-19,North,Electronics,Corporate,1,70.89,0.3,49.62,2.52,4.0,No
ORD-102394,2024-10-19,East,Furniture,Consumer,2,208.01,0.2,332.82,61.33,2.0,No
ORD-100702,2024-10-19,North,Office Supplies,Home Office,8,19.88,0.05,151.09,47.04,5.0,Yes
ORD-101270,2024-10-20,Central,Clothing,Home Office,1,57.0,0.0,57.0,16.1,4.0,No
ORD-102960,2024-10-20,West,Electronics,Consumer,3,172.13,0.1,464.75,105.29,2.0,No
ORD-100984,2024-10-20,North,Furniture,Consumer,2,243.27,0.0,486.54,172.89,4.0,No
ORD-101611,2024-10-20,West,Furniture,Corporate,7,109.33,0.2,612.25,84.48,4.0,No
ORD-102725,2024-10-20,West,Clothing,Home Office,6,59.31,0.0,355.86,102.71,5.0,No
ORD-100800,2024-10-20,West,Electronics,Consumer,5,120.02,0.05,570.1,167.69,3.0,No
ORD-100556,2024-10-20,South,Office Supplies,Home Office,8,22.65,0.1,163.08,54.92,5.0,No
ORD-100479,2024-10-20,South,Office Supplies,Consumer,8,30.33,0.05,230.51,68.46,3.0,No
ORD-101742,2024-10-21,North,Office Supplies,Corporate,2,82.33,0.2,131.73,23.64,3.0,No
ORD-101951,2024-10-21,North,Office Supplies,Corporate,5,38.39,0.1,172.76,39.39,1.0,No
ORD-102983,2024-10-21,East,Furniture,Home Office,7,168.47,0.0,1179.29,435.35,5.0,Yes
ORD-100168,2024-10-21,South,Electronics,Consumer,6,143.46,0.1,774.68,122.22,3.0,Yes
ORD-102687,2024-10-22,West,Electronics,Consumer,2,201.64,0.15,342.79,96.93,4.0,No
ORD-102186,2024-10-22,West,Electronics,Consumer,1,334.61,0.0,334.61,120.69,5.0,No
ORD-102596,2024-10-22,North,Clothing,Corporate,5,127.09,0.2,508.36,72.16,3.0,No
ORD-100558,2024-10-22,East,Office Supplies,Home Office,6,32.88,0.0,197.28,62.15,7.0,No
ORD-100627,2024-10-22,North,Office Supplies,Corporate,5,37.98,0.3,132.93,7.63,3.0,No
ORD-102924,2024-10-22,North,Office Supplies,Consumer,8,50.42,0.05,383.19,71.23,4.0,No
ORD-101178,2024-10-23,North,Office Supplies,Home Office,2,36.05,0.0,72.1,19.1,3.0,No
ORD-100499,2024-10-23,East,Clothing,Corporate,4,62.91,0.2,201.31,31.02,3.0,Yes
ORD-101724,2024-10-23,East,Electronics,Home Office,6,79.72,0.15,406.57,76.49,2.0,No
ORD-102671,2024-10-23,East,Clothing,Consumer,2,112.42,0.1,202.36,64.35,,No
ORD-101475,2024-10-23,East,Office Supplies,Corporate,8,33.0,0.0,264.0,80.17,6.0,No
ORD-100078,2024-10-23,East,Office Supplies,Consumer,7,29.84,0.2,167.1,21.15,6.0,No
ORD-101639,2024-10-23,West,Electronics,Consumer,6,332.99,0.0,1997.94,667.72,11.0,Yes
ORD-102022,2024-10-23,North,Clothing,Home Office,8,65.88,0.0,527.04,175.12,5.0,Yes
ORD-102060,2024-10-24,Central,Electronics,Corporate,7,255.34,0.15,1519.27,415.02,8.0,No
ORD-102843,2024-10-24,North,Office Supplies,Corporate,7,44.33,0.15,263.76,52.71,2.0,No
ORD-102518,2024-10-24,East,Electronics,Corporate,6,103.03,0.1,556.36,109.01,4.0,No
ORD-102576,2024-10-24,West,Clothing,Consumer,4,32.46,0.15,110.36,22.6,5.0,No
ORD-101818,2024-10-25,East,Office Supplies,Home Office,5,43.57,0.1,196.06,28.63,4.0,No
ORD-101520,2024-10-25,South,Electronics,Consumer,6,144.94,0.05,826.16,202.77,4.0,No
ORD-101640,2024-10-25,West,Electronics,Consumer,4,307.01,0.1,1105.24,328.8,3.0,No
ORD-101794,2024-10-25,Central,Furniture,Corporate,3,482.48,0.2,1157.95,128.29,6.0,No
ORD-100842,2024-10-25,East,Office Supplies,Corporate,5,39.32,0.2,157.28,24.53,6.0,No
ORD-101022,2024-10-26,Central,Furniture,Consumer,1,58.63,0.05,55.7,20.83,4.0,No
ORD-100806,2024-10-26,West,Office Supplies,Corporate,5,63.58,0.15,270.21,88.19,5.0,No
ORD-101699,2024-10-26,West,Office Supplies,Corporate,5,28.51,0.1,128.3,34.32,4.0,No
ORD-100888,2024-10-27,North,Clothing,Corporate,4,35.72,0.1,128.59,40.11,6.0,No
ORD-102684,2024-10-27,South,Furniture,Consumer,8,301.66,0.0,2413.28,845.93,4.0,No
ORD-100579,2024-10-27,South,Electronics,Home Office,1,320.07,0.15,272.06,57.29,4.0,No
ORD-100581,2024-10-27,East,Office Supplies,Corporate,5,34.07,0.3,119.24,7.84,1.0,No
ORD-101561,2024-10-27,East,Electronics,Consumer,8,69.13,0.0,553.04,145.68,4.0,No
ORD-102426,2024-10-27,North,Clothing,Corporate,3,170.32,,459.86,131.57,5.0,No
ORD-101535,2024-10-28,East,Electronics,Home Office,5,98.47,0.0,492.35,141.95,2.0,No
ORD-102707,2024-10-28,North,Clothing,Consumer,4,66.78,0.05,253.76,89.03,1.0,No
ORD-102402,2024-10-28,West,Furniture,Corporate,6,102.91,0.15,524.84,90.72,2.0,No
ORD-100236,2024-10-28,East,Clothing,Consumer,3,81.92,0.0,245.76,80.09,2.0,No
ORD-100514,2024-10-28,South,Clothing,Consumer,5,38.55,0.0,192.75,51.9,6.0,No
ORD-102126,2024-10-29,South,Furniture,Consumer,2,193.26,0.1,347.87,73.94,4.0,No
ORD-102568,2024-10-29,East,Electronics,Corporate,2,96.75,0.3,135.45,4.23,2.0,No
ORD-101513,2024-10-29,West,Electronics,Corporate,2,124.41,0.1,223.94,47.65,3.0,No
ORD-102850,2024-10-29,South,Clothing,Consumer,3,65.28,0.1,176.26,38.68,3.0,No
ORD-100669,2024-10-29,South,Office Supplies,Home Office,6,59.12,0.0,354.72,111.9,5.0,No
ORD-102246,2024-10-30,South,Office Supplies,Consumer,6,31.01,0.0,186.06,38.48,3.0,No
ORD-101881,2024-10-31,East,Office Supplies,Consumer,5,30.46,0.05,144.68,27.04,4.0,No
ORD-102156,2024-10-31,North,Furniture,Home Office,4,291.54,0.0,1166.16,459.32,6.0,No
ORD-100340,2024-10-31,North,Furniture,Home Office,5,302.14,0.0,1510.7,511.75,7.0,No
ORD-102673,2024-10-31,East,Office Supplies,Consumer,5,19.78,0.05,93.96,24.22,1.0,No
ORD-100269,2024-11-01,North,Electronics,Consumer,6,301.87,0.0,1811.22,570.93,5.0,No
ORD-102902,2024-11-01,North,Electronics,Corporate,1,394.35,0.3,276.04,12.03,6.0,No
ORD-102128,2024-11-01,North,Clothing,Corporate,5,45.42,0.0,227.1,79.98,5.0,No
ORD-100835,2024-11-01,East,Furniture,Consumer,8,484.9,,3879.2,1101.14,,No
ORD-101514,2024-11-01,Central,Electronics,Corporate,3,118.27,0.2,283.85,34.47,,Yes
ORD-100883,2024-11-01,East,Office Supplies,Corporate,3,117.17,0.2,281.21,28.42,5.0,No
ORD-100118,2024-11-02,South,Electronics,Home Office,1,120.35,0.1,108.32,33.07,2.0,No
ORD-100307,2024-11-02,East,Electronics,Home Office,1,341.52,0.0,341.52,88.47,2.0,No
ORD-100473,2024-11-02,North,Furniture,Corporate,7,105.45,0.2,590.52,69.69,2.0,No
ORD-101339,2024-11-02,South,Clothing,Home Office,8,105.3,0.1,758.16,125.83,2.0,No
ORD-102258,2024-11-02,North,Furniture,Corporate,8,615.87,0.0,4926.96,1839.53,3.0,No
ORD-100624,2024-11-02,Central,Office Supplies,Consumer,8,63.32,0.15,430.58,78.22,8.0,No
ORD-101473,2024-11-02,East,Electronics,Consumer,8,86.13,0.15,585.68,111.58,2.0,No
ORD-101363,2024-11-03,North,Clothing,Home Office,5,103.91,0.0,519.55,135.11,4.0,Yes
ORD-102510,2024-11-03,East,Electronics,Consumer,1,293.24,0.0,293.24,86.64,6.0,No
ORD-100291,2024-11-03,North,Office Supplies,Home Office,4,37.06,0.0,148.24,58.5,3.0,No
ORD-100583,2024-11-03,South,Office Supplies,Consumer,2,33.11,0.2,52.98,8.78,3.0,No
ORD-101659,2024-11-03,North,Electronics,Corporate,2,359.42,0.15,611.01,94.11,6.0,No
ORD-100595,2024-11-03,South,Clothing,Consumer,5,75.63,0.0,378.15,105.29,4.0,Yes
ORD-100478,2024-11-04,East,Clothing,Consumer,3,35.73,0.0,107.19,36.19,2.0,No
ORD-101284,2024-11-04,Central,Clothing,Home Office,4,27.39,0.0,109.56,28.52,8.0,No
ORD-101365,2024-11-04,East,Electronics,Consumer,2,333.8,0.0,667.6,227.69,5.0,No
ORD-102101,2024-11-04,North,Furniture,Consumer,5,263.45,0.0,1317.25,398.7,3.0,No
ORD-100912,2024-11-04,Central,Clothing,Corporate,4,64.57,0.1,232.45,59.97,3.0,No
ORD-101575,2024-11-05,North,Electronics,Home Office,7,535.78,0.1,3375.41,527.97,5.0,No
ORD-100434,2024-11-05,North,Electronics,Corporate,1,186.76,0.2,149.41,21.92,4.0,Yes
ORD-102201,2024-11-05,Central,Electronics,Home Office,2,379.03,0.0,758.06,229.46,8.0,Yes
ORD-100325,2024-11-05,East,Clothing,Consumer,1,40.72,0.1,36.65,6.61,2.0,No
ORD-100854,2024-11-05,North,Office Supplies,Consumer,8,56.43,0.15,383.72,70.07,6.0,No
ORD-100337,2024-11-06,West,Clothing,Consumer,7,56.66,0.05,376.79,88.96,6.0,No
ORD-101572,2024-11-06,East,Electronics,Consumer,2,118.15,0.0,236.3,74.96,4.0,No
ORD-102417,2024-11-06,East,Clothing,Home Office,5,92.12,0.05,437.57,124.7,5.0,No
ORD-102973,2024-11-06,Central,Clothing,Consumer,8,29.28,0.0,234.24,69.31,5.0,No
ORD-100804,2024-11-06,North,Electronics,Home Office,7,169.77,0.1,1069.55,274.18,4.0,Yes
ORD-102393,2024-11-06,North,Office Supplies,Corporate,4,36.67,0.1,132.01,40.98,5.0,No
ORD-100039,2024-11-06,West,Office Supplies,Consumer,5,44.19,0.0,220.95,76.3,7.0,Yes
ORD-102785,2024-11-06,West,Office Supplies,Consumer,3,36.45,0.0,109.35,36.63,8.0,Yes
ORD-100375,2024-11-07,North,Furniture,Consumer,3,393.26,0.15,1002.81,122.69,4.0,No
ORD-100344,2024-11-07,West,Office Supplies,Consumer,7,22.33,0.05,148.49,52.24,4.0,No
ORD-102224,2024-11-07,Central,Office Supplies,Consumer,6,52.15,0.2,250.32,14.65,6.0,Yes
ORD-100972,2024-11-07,North,Office Supplies,Consumer,3,38.2,0.0,114.6,29.59,2.0,No
ORD-101579,2024-11-08,Central,Electronics,Consumer,5,142.73,0.1,642.28,147.98,6.0,No
ORD-102436,2024-11-08,East,Clothing,Consumer,7,79.07,0.05,525.82,127.46,7.0,No
ORD-100910,2024-11-08,West,Office Supplies,Corporate,1,27.17,0.15,23.09,4.31,3.0,No
ORD-102703,2024-11-09,West,Office Supplies,Consumer,8,27.47,0.0,219.76,60.06,3.0,No
ORD-101225,2024-11-09,Central,Clothing,Consumer,2,33.71,0.15,57.31,11.47,6.0,Yes
ORD-102340,2024-11-09,North,Furniture,Consumer,3,88.74,0.0,266.22,77.89,1.0,No
ORD-101144,2024-11-09,South,Office Supplies,Home Office,5,33.84,0.1,152.28,49.37,4.0,No
ORD-101147,2024-11-09,West,Office Supplies,Corporate,4,46.02,0.0,184.08,54.54,4.0,No
ORD-100362,2024-11-10,North,Office Supplies,Corporate,7,26.78,0.15,159.34,35.9,2.0,No
ORD-102299,2024-11-10,West,Electronics,Consumer,5,134.38,0.0,671.9,179.42,2.0,No
ORD-101507,2024-11-10,East,Electronics,Home Office,6,101.24,0.0,607.44,213.49,3.0,No
ORD-100125,2024-11-11,East,Electronics,Consumer,7,173.18,0.0,1212.26,477.19,2.0,No
ORD-102052,2024-11-11,East,Office Supplies,Home Office,6,66.59,0.05,379.56,120.92,2.0,No
ORD-102440,2024-11-11,Central,Electronics,Corporate,5,90.68,0.1,408.06,114.96,7.0,No
ORD-100212,2024-11-11,North,Office Supplies,Consumer,1,43.0,0.0,43.0,15.93,2.0,No
ORD-100502,2024-11-12,Central,Electronics,Corporate,1,57.07,0.15,48.51,8.41,2.0,No
ORD-100560,2024-11-12,North,Office Supplies,Consumer,7,78.01,0.0,546.07,144.41,2.0,No
ORD-100704,2024-11-12,South,Electronics,Consumer,1,62.7,0.05,59.56,18.73,6.0,No
ORD-100099,2024-11-12,Central,Electronics,Consumer,4,104.78,0.2,335.3,39.62,6.0,Yes
ORD-101041,2024-11-12,West,Office Supplies,Consumer,7,47.11,0.0,329.77,88.33,4.0,No
ORD-102606,2024-11-12,East,Electronics,Consumer,3,243.76,0.0,731.28,266.16,,Yes
ORD-102974,2024-11-12,East,Clothing,Consumer,5,45.37,0.15,192.82,38.36,5.0,No
ORD-100782,2024-11-12,East,Clothing,Corporate,7,55.81,0.0,390.67,132.94,4.0,No
ORD-101137,2024-11-13,South,Clothing,Consumer,4,100.09,0.15,340.31,68.02,6.0,No
ORD-102133,2024-11-13,Central,Office Supplies,Home Office,2,18.87,0.0,37.74,11.96,2.0,No
ORD-101901,2024-11-13,North,Furniture,Corporate,4,184.48,0.15,627.23,126.65,2.0,No
ORD-101763,2024-11-13,North,Office Supplies,Consumer,2,56.65,0.0,113.3,35.06,4.0,No
ORD-102915,2024-11-14,North,Office Supplies,Consumer,5,21.96,0.1,98.82,30.06,3.0,No
ORD-100760,2024-11-14,West,Clothing,Consumer,4,77.72,0.0,310.88,86.66,2.0,No
ORD-101235,2024-11-14,North,Electronics,Corporate,2,157.89,0.15,268.41,61.57,4.0,No
ORD-100018,2024-11-14,West,Furniture,Corporate,4,294.56,0.15,1001.5,156.03,1.0,No
ORD-100194,2024-11-14,North,Office Supplies,Consumer,6,47.82,0.2,229.54,26.53,1.0,Yes
ORD-100181,2024-11-14,Central,Electronics,Corporate,6,69.26,0.2,332.45,49.32,7.0,No
ORD-102607,2024-11-15,North,Office Supplies,Corporate,8,33.94,0.1,244.37,53.6,5.0,No
ORD-101777,2024-11-15,East,Electronics,Home Office,7,492.82,0.0,3449.74,1152.29,1.0,No
ORD-100735,2024-11-16,West,Clothing,Home Office,5,92.57,0.0,462.85,143.37,2.0,No
ORD-101449,2024-11-16,North,Electronics,Consumer,6,320.54,0.15,1634.75,177.48,4.0,No
ORD-100822,2024-11-16,South,Office Supplies,Consumer,7,42.09,0.0,294.63,81.64,7.0,No
ORD-100874,2024-11-17,West,Clothing,Consumer,3,43.81,0.0,131.43,48.49,4.0,No
ORD-101877,2024-11-17,South,Office Supplies,Corporate,4,25.71,0.3,71.99,2.12,3.0,No
ORD-100738,2024-11-17,South,Office Supplies,Corporate,7,33.34,0.1,210.04,46.28,3.0,No
ORD-102123,2024-11-18,North,Office Supplies,Consumer,3,51.83,0.05,147.72,40.95,8.0,No
ORD-101992,2024-11-18,South,Office Supplies,Consumer,6,54.6,0.0,327.6,71.97,5.0,No
ORD-102871,2024-11-19,East,Furniture,Home Office,2,151.13,0.0,302.26,95.24,4.0,No
ORD-100707,2024-11-19,West,Office Supplies,Corporate,2,70.45,0.15,119.76,22.88,5.0,Yes
ORD-101700,2024-11-19,Central,Clothing,Consumer,1,59.32,0.2,47.46,6.93,5.0,No
ORD-100945,2024-11-19,North,Clothing,Corporate,5,33.62,0.15,142.88,32.35,7.0,No
ORD-100425,2024-11-20,West,Office Supplies,Consumer,3,77.63,0.15,197.96,58.31,3.0,No
ORD-102281,2024-11-20,North,Furniture,Corporate,3,215.27,0.2,516.65,47.48,6.0,No
ORD-102451,2024-11-20,West,Office Supplies,Consumer,4,19.38,0.1,69.77,23.11,6.0,No
ORD-102165,2024-11-21,South,Office Supplies,Corporate,6,58.3,0.1,314.82,83.25,2.0,No
ORD-102027,2024-11-21,South,Furniture,Corporate,4,100.61,0.15,342.07,90.38,6.0,No
ORD-100458,2024-11-21,West,Electronics,Consumer,5,352.71,0.1,1587.2,306.1,6.0,No
ORD-101722,2024-11-21,West,Electronics,Consumer,3,227.4,0.0,682.2,219.11,6.0,No
ORD-100170,2024-11-21,South,Clothing,Home Office,3,47.58,0.05,135.6,35.88,7.0,No
ORD-100546,2024-11-21,South,Office Supplies,Consumer,5,31.74,0.0,158.7,38.51,,No
ORD-101683,2024-11-22,South,Office Supplies,Home Office,3,34.85,0.15,88.87,17.72,5.0,No
ORD-102883,2024-11-22,South,Clothing,Consumer,7,106.73,0.05,709.75,194.99,4.0,No
ORD-100673,2024-11-22,West,Furniture,Consumer,2,778.99,0.1,1402.18,466.81,6.0,No
ORD-101266,2024-11-22,North,Furniture,Consumer,4,158.38,0.05,601.84,161.53,2.0,No
ORD-100238,2024-11-23,North,Furniture,Home Office,4,373.52,0.0,1494.08,408.17,1.0,No
ORD-102713,2024-11-23,North,Office Supplies,Corporate,4,29.75,0.2,95.2,9.63,3.0,No
ORD-102044,2024-11-24,Central,Electronics,Home Office,3,37.81,0.0,113.43,25.71,4.0,No
ORD-100934,2024-11-25,West,Office Supplies,Corporate,2,27.1,0.15,46.07,9.52,2.0,No
ORD-101494,2024-11-25,South,Electronics,Home Office,7,323.3,0.1,2036.79,407.6,3.0,No
ORD-102278,2024-11-25,Central,Electronics,Home Office,1,457.85,0.0,457.85,165.98,5.0,No
ORD-101401,2024-11-25,North,Office Supplies,Consumer,3,121.41,0.0,364.23,141.28,8.0,No
ORD-102875,2024-11-25,North,Office Supplies,Consumer,3,34.93,0.0,104.79,23.23,4.0,No
ORD-102583,2024-11-26,North,Office Supplies,Consumer,3,63.69,0.2,152.86,16.8,5.0,No
ORD-101621,2024-11-26,East,Clothing,Corporate,6,67.36,0.1,363.74,106.73,5.0,No
ORD-102541,2024-11-27,South,Office Supplies,Consumer,1,16.2,0.05,15.39,4.28,3.0,No
ORD-101755,2024-11-27,East,Office Supplies,Home Office,3,24.63,0.0,73.89,19.85,3.0,No
ORD-102783,2024-11-27,South,Clothing,Consumer,5,189.32,0.2,757.28,51.52,4.0,No
ORD-101693,2024-11-27,West,Clothing,Consumer,7,38.85,0.05,258.35,51.04,1.0,Yes
ORD-101764,2024-11-27,North,Furniture,Corporate,7,225.39,0.0,1577.73,576.43,8.0,No
ORD-100355,2024-11-27,East,Furniture,Consumer,5,382.44,0.2,1529.76,224.62,4.0,No
ORD-101878,2024-11-28,East,Furniture,Home Office,7,913.23,0.0,6392.61,1897.23,7.0,No
ORD-102040,2024-11-28,South,Electronics,Consumer,4,121.78,,438.41,76.72,4.0,No
ORD-101312,2024-11-29,East,Electronics,Consumer,2,168.3,0.0,336.6,95.7,5.0,No
ORD-100712,2024-11-29,West,Clothing,Consumer,2,31.28,0.0,62.56,22.88,3.0,Yes
ORD-100727,2024-11-29,North,Electronics,Consumer,6,224.53,0.0,1347.18,358.63,4.0,No
ORD-101190,2024-11-29,East,Electronics,Corporate,2,93.44,0.15,158.85,16.5,6.0,No
ORD-101638,2024-11-29,North,Electronics,Corporate,7,298.84,0.2,1673.5,233.95,9.0,No
ORD-100696,2024-11-29,West,Furniture,Consumer,5,118.2,0.0,591.0,174.85,2.0,No
ORD-101354,2024-11-29,Central,Clothing,Consumer,7,50.66,0.0,354.62,133.41,7.0,No
ORD-101333,2024-11-29,Central,Office Supplies,Corporate,8,38.56,0.1,277.63,58.66,8.0,No
ORD-101397,2024-11-29,Central,Office Supplies,Consumer,2,17.32,0.0,34.64,7.63,6.0,No
ORD-102836,2024-11-30,East,Clothing,Corporate,1,54.2,0.1,48.78,11.25,10.0,Yes
ORD-102461,2024-11-30,West,Electronics,Corporate,8,325.67,0.0,2605.36,1192.35,5.0,Yes
ORD-102597,2024-11-30,South,Furniture,Corporate,6,120.25,0.1,649.35,116.15,8.0,No
ORD-101140,2024-11-30,South,Furniture,Consumer,5,71.98,0.05,341.9,115.12,6.0,Yes
ORD-102578,2024-11-30,North,Clothing,Corporate,5,55.11,0.0,275.55,108.75,4.0,No
ORD-102949,2024-12-01,Central,Office Supplies,Consumer,7,30.93,0.0,216.51,71.64,7.0,No
ORD-100085,2024-12-01,North,Furniture,Corporate,2,137.39,0.3,192.35,4.58,5.0,No
ORD-102464,2024-12-01,North,Electronics,Corporate,1,254.72,0.2,203.78,18.95,2.0,No
ORD-102226,2024-12-01,West,Electronics,Corporate,1,175.69,0.2,140.55,24.73,1.0,No
ORD-100791,2024-12-01,South,Furniture,Consumer,3,99.11,0.0,297.33,86.14,7.0,No
ORD-101299,2024-12-01,South,Office Supplies,Corporate,3,21.28,0.15,54.26,14.7,1.0,No
ORD-102470,2024-12-02,East,Office Supplies,Consumer,1,30.01,0.0,30.01,8.41,6.0,No
ORD-101569,2024-12-02,East,Office Supplies,Home Office,6,70.34,0.05,400.94,127.71,2.0,No
ORD-100135,2024-12-03,North,Office Supplies,Consumer,7,54.43,0.0,381.01,119.21,5.0,No
ORD-102245,2024-12-04,North,Office Supplies,Consumer,3,73.25,0.1,197.78,44.15,5.0,No
ORD-102984,2024-12-04,North,Office Supplies,Corporate,4,29.44,0.0,117.76,36.51,6.0,No
ORD-102793,2024-12-04,Central,Electronics,Corporate,6,377.59,0.1,2038.99,281.97,4.0,No
ORD-102681,2024-12-04,West,Furniture,Corporate,2,753.59,0.15,1281.1,301.24,2.0,No
ORD-100665,2024-12-06,West,Furniture,Corporate,4,368.62,0.3,1032.14,101.69,7.0,No
ORD-101482,2024-12-06,East,Office Supplies,Corporate,4,29.7,0.15,100.98,18.74,5.0,No
ORD-100642,2024-12-06,North,Clothing,Consumer,3,57.55,0.15,146.75,24.56,2.0,No
ORD-100557,2024-12-06,East,Clothing,Consumer,2,63.22,0.0,126.44,39.18,4.0,No
ORD-101770,2024-12-07,East,Office Supplies,Consumer,1,29.26,0.1,26.33,6.26,8.0,No
ORD-101253,2024-12-07,East,Office Supplies,Corporate,7,86.54,0.15,514.91,100.66,4.0,No
ORD-100647,2024-12-07,East,Furniture,Consumer,1,191.4,0.0,191.4,57.94,6.0,No
ORD-102918,2024-12-07,North,Clothing,Home Office,1,93.89,0.15,79.81,22.26,6.0,No
ORD-102575,2024-12-07,East,Electronics,Corporate,4,166.19,0.0,664.76,261.3,6.0,No
ORD-102678,2024-12-07,West,Office Supplies,Corporate,8,21.64,0.2,138.5,16.95,5.0,No
ORD-102854,2024-12-08,West,Electronics,Corporate,4,96.81,0.0,387.24,133.22,2.0,No
ORD-101234,2024-12-09,North,Electronics,Corporate,2,422.07,0.2,675.31,85.14,6.0,No
ORD-102429,2024-12-09,West,Office Supplies,Corporate,6,25.12,0.15,128.11,23.04,3.0,No
ORD-101556,2024-12-09,Central,Office Supplies,Consumer,6,18.95,0.0,113.7,40.42,5.0,No
ORD-100192,2024-12-09,North,Office Supplies,Consumer,7,17.45,,122.15,42.23,5.0,Yes
ORD-102185,2024-12-09,North,Clothing,Home Office,2,118.99,0.05,226.08,36.62,,No
ORD-101456,2024-12-09,North,Electronics,Corporate,3,216.0,0.15,550.8,145.63,4.0,No
ORD-101861,2024-12-10,Central,Clothing,Consumer,6,72.74,0.05,414.62,129.43,3.0,No
ORD-101813,2024-12-10,North,Clothing,Consumer,4,59.03,0.05,224.31,49.66,3.0,No
ORD-101306,2024-12-10,East,Office Supplies,Consumer,1,56.21,0.15,47.78,10.36,1.0,No
ORD-101331,2024-12-10,East,Clothing,Home Office,3,52.45,0.2,125.88,14.26,4.0,Yes
ORD-101847,2024-12-10,East,Office Supplies,Consumer,7,74.66,0.1,470.36,155.53,4.0,Yes
ORD-102233,2024-12-11,Central,Furniture,Corporate,1,738.89,0.2,591.11,101.42,6.0,No
ORD-100547,2024-12-11,North,Clothing,Corporate,7,45.62,0.15,271.44,72.91,8.0,Yes
ORD-100350,2024-12-11,East,Electronics,Corporate,3,251.68,0.15,641.78,121.35,4.0,Yes
ORD-100605,2024-12-11,West,Electronics,Consumer,1,185.73,0.05,176.44,37.2,2.0,No
ORD-102733,2024-12-11,South,Clothing,Consumer,3,35.5,0.2,85.2,9.22,4.0,No
ORD-101543,2024-12-11,North,Office Supplies,Home Office,8,57.74,0.0,461.92,99.63,2.0,No
ORD-101849,2024-12-11,West,Office Supplies,Corporate,4,59.0,0.15,200.6,21.1,5.0,No
ORD-101017,2024-12-11,West,Office Supplies,Consumer,4,48.06,0.05,182.63,29.07,3.0,No
ORD-102269,2024-12-12,Central,Office Supplies,Consumer,4,33.25,0.1,119.7,27.85,7.0,No
ORD-101262,2024-12-12,South,Furniture,Corporate,2,92.41,0.1,166.34,52.64,4.0,No
ORD-100742,2024-12-12,Central,Clothing,Consumer,4,28.71,0.15,97.61,22.91,8.0,No
ORD-100986,2024-12-13,South,Electronics,Corporate,6,84.28,0.2,404.54,57.51,4.0,Yes
ORD-100056,2024-12-13,East,Office Supplies,Consumer,4,34.56,0.05,131.33,38.89,6.0,No
ORD-102651,2024-12-13,South,Furniture,Home Office,2,42.44,0.0,84.88,25.28,3.0,No
ORD-102571,2024-12-14,East,Electronics,Home Office,2,252.44,0.0,504.88,165.42,4.0,No
ORD-102106,2024-12-14,West,Electronics,Consumer,7,124.35,0.0,870.45,270.56,2.0,No
ORD-102090,2024-12-14,South,Furniture,Consumer,5,151.85,0.0,759.25,224.59,2.0,No
ORD-101995,2024-12-14,West,Electronics,Consumer,1,42.81,0.05,40.67,9.82,2.0,No
ORD-100476,2024-12-14,South,Clothing,Corporate,6,19.14,0.3,80.39,8.77,9.0,Yes
ORD-101325,2024-12-14,Central,Office Supplies,Consumer,7,21.04,0.15,125.19,13.7,4.0,No
ORD-102799,2024-12-14,West,Furniture,Consumer,6,4000.0,0.05,22800.0,7698.98,4.0,No
ORD-100431,2024-12-14,West,Office Supplies,Consumer,5,33.15,0.0,165.75,40.08,5.0,No
ORD-101608,2024-12-15,South,Electronics,Consumer,4,164.51,0.15,559.33,115.46,1.0,No
ORD-100657,2024-12-15,South,Furniture,Home Office,5,142.27,0.15,604.65,104.44,6.0,No
ORD-101531,2024-12-15,North,Furniture,Consumer,8,221.93,0.0,1775.44,512.39,3.0,Yes
ORD-101979,2024-12-16,North,Clothing,Consumer,3,84.29,0.1,227.58,59.34,5.0,No
ORD-101338,2024-12-17,Central,Office Supplies,Consumer,7,45.85,0.15,272.81,69.43,3.0,No
ORD-100051,2024-12-17,North,Electronics,Corporate,4,120.13,0.2,384.42,73.24,3.0,Yes
ORD-101279,2024-12-18,East,Office Supplies,Corporate,6,94.37,0.15,481.29,81.92,7.0,No
ORD-102107,2024-12-18,Central,Furniture,Home Office,8,160.12,0.1,1152.86,209.51,5.0,No
ORD-100875,2024-12-18,Central,Furniture,Consumer,7,232.13,0.0,1624.91,636.41,2.0,No
ORD-100641,2024-12-18,West,Electronics,Corporate,5,101.33,0.0,506.65,155.3,1.0,No
ORD-102564,2024-12-18,East,Clothing,Consumer,7,35.37,0.1,222.83,67.2,,No
ORD-102136,2024-12-18,South,Electronics,Corporate,6,191.04,0.3,802.37,18.1,4.0,Yes
ORD-101174,2024-12-18,East,Office Supplies,Consumer,4,35.49,0.05,134.86,43.89,4.0,No
ORD-102247,2024-12-19,East,Electronics,Consumer,3,95.49,0.05,272.15,74.69,2.0,No
ORD-100098,2024-12-19,North,Electronics,Corporate,5,558.69,0.2,2234.76,363.65,4.0,No
ORD-101416,2024-12-19,East,Office Supplies,Consumer,6,33.3,0.0,199.8,53.12,4.0,No
ORD-102520,2024-12-20,North,Furniture,Corporate,8,389.74,0.3,2182.54,301.28,3.0,No
ORD-101772,2024-12-20,East,Electronics,Consumer,4,127.46,0.05,484.35,111.87,6.0,No
ORD-102963,2024-12-20,East,Furniture,Corporate,1,133.83,0.1,120.45,23.83,8.0,No
ORD-102945,2024-12-20,South,Electronics,Corporate,3,617.25,0.15,1573.99,305.27,7.0,No
ORD-101557,2024-12-20,East,Office Supplies,Consumer,5,30.25,0.2,121.0,21.43,1.0,Yes
ORD-102531,2024-12-21,East,Clothing,Consumer,1,33.83,0.05,32.14,7.54,7.0,No
ORD-100414,2024-12-21,North,Furniture,Corporate,4,204.28,0.1,735.41,146.36,5.0,No
ORD-100153,2024-12-21,East,Electronics,Consumer,7,453.48,0.1,2856.92,450.95,1.0,Yes
ORD-101039,2024-12-21,North,Clothing,Home Office,6,58.32,0.0,349.92,98.4,2.0,No
ORD-102243,2024-12-21,North,Electronics,Consumer,2,894.86,0.05,1700.23,507.35,1.0,No
ORD-102644,2024-12-22,South,Office Supplies,Consumer,7,30.26,0.15,180.05,37.75,,No
ORD-101914,2024-12-22,North,Furniture,Home Office,2,624.35,0.0,1248.7,320.69,5.0,No
ORD-101584,2024-12-22,East,Office Supplies,Corporate,2,88.14,0.2,141.02,8.25,8.0,No
ORD-101604,2024-12-23,North,Office Supplies,Home Office,8,51.2,0.0,409.6,130.61,2.0,No
ORD-100729,2024-12-23,East,Office Supplies,Corporate,5,31.28,0.3,109.48,5.77,5.0,No
ORD-100037,2024-12-23,East,Electronics,Consumer,5,277.68,0.0,1388.4,569.62,3.0,No
ORD-100570,2024-12-24,South,Office Supplies,Corporate,4,26.72,0.0,106.88,45.06,5.0,No
ORD-100907,2024-12-24,North,Clothing,Corporate,6,114.24,0.0,685.44,182.72,3.0,No
ORD-100031,2024-12-24,Central,Electronics,Consumer,6,181.42,0.0,1088.52,409.51,5.0,No
ORD-100326,2024-12-24,West,Furniture,Home Office,3,91.42,0.2,219.41,34.28,4.0,No
ORD-101952,2024-12-25,West,Electronics,Home Office,1,198.57,0.0,198.57,61.3,3.0,No
ORD-102161,2024-12-25,South,Clothing,Corporate,7,46.92,0.0,328.44,106.6,5.0,No
ORD-100850,2024-12-25,North,Furniture,Home Office,1,285.47,0.05,271.2,87.12,5.0,No
ORD-102227,2024-12-25,North,Electronics,Consumer,5,192.9,0.15,819.82,159.6,8.0,No
ORD-102873,2024-12-25,North,Electronics,Corporate,7,661.38,0.0,4629.66,1592.71,2.0,No
ORD-102424,2024-12-26,Central,Clothing,Consumer,3,28.46,0.15,72.57,7.95,4.0,No
ORD-102647,2024-12-26,West,Electronics,Consumer,1,161.1,0.2,128.88,23.53,5.0,No
ORD-100354,2024-12-27,East,Office Supplies,Consumer,4,56.68,0.2,181.38,33.89,5.0,Yes
ORD-101706,2024-12-27,North,Electronics,Consumer,6,177.65,0.1,959.31,141.4,2.0,No
ORD-102988,2024-12-28,North,Clothing,Consumer,8,72.77,0.0,582.16,193.96,2.0,Yes
ORD-101042,2024-12-28,East,Electronics,Consumer,3,147.59,0.05,420.63,100.77,9.0,Yes
ORD-100543,2024-12-29,Central,Electronics,Consumer,1,111.13,0.0,111.13,42.69,4.0,No
ORD-102822,2024-12-29,North,Office Supplies,Corporate,7,86.77,0.3,425.17,27.03,7.0,No
ORD-101691,2024-12-29,Central,Electronics,Consumer,5,170.18,0.05,808.36,200.65,6.0,Yes
ORD-100552,2024-12-30,North,Furniture,Home Office,4,244.09,0.2,781.09,220.16,4.0,No
